ticker,asset_type,size_metric_name,size_metric,price,ttm_dividends,dividend_yield,beta_1y,realized_vol_1y,total_return_3y,max_drawdown_3y,selected_expiration,selected_dte,selected_strike,selected_call_bid,selected_call_ask,selected_call_mid,selected_call_open_interest,selected_call_volume,expiration_total_call_open_interest,selected_call_otm_pct,selected_call_spread_pct,selected_call_yield,annualized_call_yield,metrics_signature,as_of_date,error
SPY,ETF,marketCap,642392326144.0,699.9400024414062,7.382,0.0105466182447801,0.9999999999999998,0.1328069538672378,0.7752537474543595,0.1875523871783363,2026-05-22,36.0,735.0,0.0,0.0,1.76,0.0,737.0,0.0,0.0500900040522098,0.0,0.002514501234193,0.0254942486244572,"{""benchmark"":""SPY"",""history_period"":""4y"",""option_dte_max"":45,""option_dte_min"":25,""option_target_dte"":35,""target_otm_pct"":0.05}",2026-04-16,
QQQ,ETF,marketCap,250561953792.0,637.4000244140625,2.8120000000000003,0.0044116722502245,1.2341826756860377,0.1707280333875402,1.0539726387081196,0.2276829600805572,2026-05-22,36.0,670.0,0.0,0.0,3.99,0.0,992.0,0.0,0.0511452374290468,0.0,0.0062598052199132,0.0634674695907874,"{""benchmark"":""SPY"",""history_period"":""4y"",""option_dte_max"":45,""option_dte_min"":25,""option_target_dte"":35,""target_otm_pct"":0.05}",2026-04-16,
IWM,ETF,marketCap,75712061440.0,269.3900146484375,2.537,0.0094175725232832,1.228373554853159,0.1959779997498248,0.5761457263601719,0.2750308475602221,2026-05-22,36.0,285.0,0.0,0.0,1.83,0.0,3292.0,0.0,0.05794567171294,0.0,0.0067931248394199,0.0688747379552298,"{""benchmark"":""SPY"",""history_period"":""4y"",""option_dte_max"":45,""option_dte_min"":25,""option_target_dte"":35,""target_otm_pct"":0.05}",2026-04-16,
GLD,ETF,marketCap,114651734016.0,440.4599914550781,0.0,0.0,0.0014333390821014,0.2747563766605688,1.3645050157904055,0.192095140997182,2026-05-22,36.0,460.0,0.0,0.0,7.99,0.0,36.0,0.0,0.0443627319711164,0.0,0.0181401265835852,0.1839207278613505,"{""benchmark"":""SPY"",""history_period"":""4y"",""option_dte_max"":45,""option_dte_min"":25,""option_target_dte"":35,""target_otm_pct"":0.05}",2026-04-16,
IVV,ETF,marketCap,437067743232.0,703.1900024414062,8.06,0.0114620514683321,0.9943732347813778,0.1321234520311888,0.7799658794161417,0.1875450397678504,2026-05-22,36.0,690.0,0.0,0.0,16.71,0.0,2.0,0.0,-0.0187573805025837,0.0,0.0237631364808722,0.2409318004310654,"{""benchmark"":""SPY"",""history_period"":""4y"",""option_dte_max"":45,""option_dte_min"":25,""option_target_dte"":35,""target_otm_pct"":0.05}",2026-04-16,
VOO,ETF,totalAssets,1421127057408.0,643.4500122070312,7.128,0.0110777836114276,0.9965050223126312,0.1323741136784163,0.7797188940617288,0.1868938887292031,2026-05-22,36.0,675.0,0.0,0.0,1.15,0.0,3.0,0.0,0.0490325389609558,0.0,0.0017872406219334,0.0181206340834922,"{""benchmark"":""SPY"",""history_period"":""4y"",""option_dte_max"":45,""option_dte_min"":25,""option_target_dte"":35,""target_otm_pct"":0.05}",2026-04-16,
SLV,ETF,marketCap,24529766400.0,71.83999633789062,0.0,0.0,0.7911046993975945,0.5667722983643566,2.1180552727094515,0.4245265025012638,2026-05-22,36.0,75.0,0.0,0.0,3.9,0.0,115.0,0.0,0.0439866901892183,0.0,0.0542873078898393,0.5504129827719824,"{""benchmark"":""SPY"",""history_period"":""4y"",""option_dte_max"":45,""option_dte_min"":25,""option_target_dte"":35,""target_otm_pct"":0.05}",2026-04-16,
RSP,ETF,marketCap,31068598272.0,199.72999572753903,3.118,0.0156110752851234,0.8018135608098855,0.1274704200016005,0.4484935926909945,0.1780953595976222,2026-05-22,36.0,202.5,0.0,0.0,1.44,0.0,,0.0,0.0138687444635989,0.0,0.0072097332939633,0.0730986847860175,"{""benchmark"":""SPY"",""history_period"":""4y"",""option_dte_max"":45,""option_dte_min"":25,""option_target_dte"":35,""target_otm_pct"":0.05}",2026-04-16,
DIA,ETF,marketCap,39380058112.0,484.7200012207031,7.0440000000000005,0.0145321009701696,0.8720521125998283,0.1315232916032407,0.5137197096283324,0.1595432594759025,2026-05-22,36.0,510.0,0.0,0.0,1.18,0.0,1.0,0.0,0.052153818112792,0.0,0.0024343951085746,0.0246820615174934,"{""benchmark"":""SPY"",""history_period"":""4y"",""option_dte_max"":45,""option_dte_min"":25,""option_target_dte"":35,""target_otm_pct"":0.05}",2026-04-16,
SMH,ETF,marketCap,5286917632.0,453.0,1.105,0.0024392935982339,1.843000990095831,0.300621280142734,2.6033489222957926,0.3573876619263665,2026-05-22,36.0,475.0,0.0,0.0,13.73,0.0,34.0,0.0,0.0485651214128035,0.0,0.0303090507726269,0.3073000981113564,"{""benchmark"":""SPY"",""history_period"":""4y"",""option_dte_max"":45,""option_dte_min"":25,""option_target_dte"":35,""target_otm_pct"":0.05}",2026-04-16,
XLF,ETF,marketCap,46089322496.0,52.16999816894531,0.792,0.0151811391182192,0.8498920968646847,0.1535296317104587,0.6931882920114711,0.1554028047713725,2026-05-22,36.0,55.0,0.0,0.0,0.3,0.0,127.0,0.0,0.0542457720985558,0.0,0.0057504314841739,0.058302985881208,"{""benchmark"":""SPY"",""history_period"":""4y"",""option_dte_max"":45,""option_dte_min"":25,""option_target_dte"":35,""target_otm_pct"":0.05}",2026-04-16,
XLK,ETF,marketCap,40890015744.0,150.3000030517578,0.765,0.0050898202559354,1.4409321812529112,0.2113685223055927,1.0793585988967431,0.2565630300156897,2026-05-22,36.0,156.0,0.0,0.0,2.16,0.0,4.0,0.0,0.0379241306221351,0.0,0.0143712571932295,0.1457085798757997,"{""benchmark"":""SPY"",""history_period"":""4y"",""option_dte_max"":45,""option_dte_min"":25,""option_target_dte"":35,""target_otm_pct"":0.05}",2026-04-16,
GDX,ETF,totalAssets,28155811840.0,97.7699966430664,0.633,0.0064743788660535,0.494813557919653,0.4443449184638822,1.928637744135341,0.3083563080157382,2026-05-22,36.0,102.0,0.0,0.0,4.6,0.0,1.0,0.0,0.0432648409754607,0.0,0.047049198710658,0.4770265980386161,"{""benchmark"":""SPY"",""history_period"":""4y"",""option_dte_max"":45,""option_dte_min"":25,""option_target_dte"":35,""target_otm_pct"":0.05}",2026-04-16,
XLE,ETF,marketCap,10395001856.0,55.7599983215332,1.4915,0.0267485660849458,0.1752240645264275,0.1979940563323347,0.4220254584421503,0.2013728915336051,2026-05-22,36.0,58.5,0.0,0.0,1.04,0.0,157.0,0.0,0.0491391994430652,0.0,0.0186513635456544,0.1891041026156635,"{""benchmark"":""SPY"",""history_period"":""4y"",""option_dte_max"":45,""option_dte_min"":25,""option_target_dte"":35,""target_otm_pct"":0.05}",2026-04-16,
EEM,ETF,marketCap,46799282176.0,62.20000076293945,1.215,0.0195337618182784,0.9633829975801376,0.1818761216204482,0.6883825566408621,0.1729243404422158,2026-05-22,36.0,65.0,0.0,0.0,0.8,0.0,2524.0,0.0,0.0450160643523476,0.0,0.0128617361766442,0.1304037140131989,"{""benchmark"":""SPY"",""history_period"":""4y"",""option_dte_max"":45,""option_dte_min"":25,""option_target_dte"":35,""target_otm_pct"":0.05}",2026-04-16,
EFA,ETF,marketCap,96946102272.0,103.30999755859376,3.247,0.0314296784118924,0.7820261702668132,0.1434915695143221,0.5775274950848792,0.1405348189539503,2026-05-22,36.0,105.0,0.0,0.0,1.85,0.0,1.0,0.0,0.0163585565903023,0.0,0.017907269806591,0.1815598188723813,"{""benchmark"":""SPY"",""history_period"":""4y"",""option_dte_max"":45,""option_dte_min"":25,""option_target_dte"":35,""target_otm_pct"":0.05}",2026-04-16,
XLV,ETF,marketCap,29172017152.0,147.77000427246094,2.5069999999999997,0.0169655540875369,0.5592386413323914,0.160100808283057,0.1602968935138726,0.1710899444810851,2026-05-22,36.0,155.0,0.0,0.0,0.87,0.0,1.0,0.0,0.0489273568281711,0.0,0.0058875277447774,0.0596929896345494,"{""benchmark"":""SPY"",""history_period"":""4y"",""option_dte_max"":45,""option_dte_min"":25,""option_target_dte"":35,""target_otm_pct"":0.05}",2026-04-16,
XLI,ETF,marketCap,23387637760.0,171.17999267578125,2.047,0.0119581731953749,0.9287460272361238,0.1537939664852924,0.8036570575448405,0.1849071383832166,2026-05-22,36.0,180.0,0.0,0.0,2.03,0.0,1.0,0.0,0.0515247558219262,0.0,0.0118588625239917,0.1202356894793605,"{""benchmark"":""SPY"",""history_period"":""4y"",""option_dte_max"":45,""option_dte_min"":25,""option_target_dte"":35,""target_otm_pct"":0.05}",2026-04-16,
VTI,ETF,marketCap,715931123712.0,345.239990234375,3.769,0.010917043525118,1.0159834795071228,0.1354108761517052,0.7631620269493837,0.1930360003553389,2026-05-15,29.0,365.0,0.0,0.0,0.35,0.0,9.0,0.0,0.0572355761921161,0.0,0.0010137875388143,0.0127597397126634,"{""benchmark"":""SPY"",""history_period"":""4y"",""option_dte_max"":45,""option_dte_min"":25,""option_target_dte"":35,""target_otm_pct"":0.05}",2026-04-16,
EWY,ETF,marketCap,10955952128.0,144.9199981689453,2.037,0.0140560310912045,1.454933737025342,0.3613189777448276,1.5101231416933256,0.2736400416043142,2026-05-22,36.0,150.0,0.0,0.0,8.6,0.0,7.0,0.0,0.0350538358766228,0.0,0.0593430865902597,0.6016729612623553,"{""benchmark"":""SPY"",""history_period"":""4y"",""option_dte_max"":45,""option_dte_min"":25,""option_target_dte"":35,""target_otm_pct"":0.05}",2026-04-16,
XLP,ETF,marketCap,17036541952.0,81.05999755859375,2.175,0.0268319771219807,0.1320627590255084,0.1266126548500092,0.1637540219120614,0.1336548916483178,2026-05-22,36.0,85.0,0.0,0.0,0.5,0.0,3.0,0.0,0.0486060024682117,0.0,0.0061682706027541,0.0625394102779244,"{""benchmark"":""SPY"",""history_period"":""4y"",""option_dte_max"":45,""option_dte_min"":25,""option_target_dte"":35,""target_otm_pct"":0.05}",2026-04-16,
IEFA,ETF,totalAssets,169633218560.0,96.43000030517578,3.178,0.0329565486875708,0.7761245392002983,0.1428250476249129,0.5870491599801784,0.1375715520877054,2026-05-15,29.0,98.0,0.0,0.0,1.12,0.0,1.0,0.0,0.0162812370616569,0.0,0.011614642709276,0.1461842961684748,"{""benchmark"":""SPY"",""history_period"":""4y"",""option_dte_max"":45,""option_dte_min"":25,""option_target_dte"":35,""target_otm_pct"":0.05}",2026-04-16,
XLY,ETF,marketCap,14211500032.0,118.18000030517578,0.893,0.0075562700769504,1.2400429639711188,0.1949530628904846,0.6612909003394205,0.260073916505492,2026-05-22,36.0,121.0,0.0,0.0,1.2,0.0,1.0,0.0,0.0238619029238631,0.0,0.0101540023430465,0.1029503015336666,"{""benchmark"":""SPY"",""history_period"":""4y"",""option_dte_max"":45,""option_dte_min"":25,""option_target_dte"":35,""target_otm_pct"":0.05}",2026-04-16,
QQQM,ETF,totalAssets,68830765056.0,262.4800109863281,1.269,0.0048346538665228,1.2306437087574202,0.1702771259341359,1.0594187163114022,0.2270341593196707,2026-05-15,29.0,275.0,0.0,0.0,1.3,0.0,64.0,0.0,0.0476988284426884,0.0,0.0049527580980927,0.0623364381311668,"{""benchmark"":""SPY"",""history_period"":""4y"",""option_dte_max"":45,""option_dte_min"":25,""option_target_dte"":35,""target_otm_pct"":0.05}",2026-04-16,
FXI,ETF,marketCap,4774116352.0,36.880001068115234,0.925,0.0250813441759824,0.827827323284274,0.2010330681663839,0.3592356854460583,0.2871831451942106,2026-05-22,36.0,38.5,0.0,0.0,0.45,0.0,1.0,0.0,0.0439262170544063,0.0,0.012201735004532,0.1237120354626163,"{""benchmark"":""SPY"",""history_period"":""4y"",""option_dte_max"":45,""option_dte_min"":25,""option_target_dte"":35,""target_otm_pct"":0.05}",2026-04-16,
XBI,ETF,totalAssets,7434448896.0,136.4499969482422,0.4409999999999999,0.0032319531686561,1.058523670574676,0.2594712692662357,0.7843671103612828,0.3299451933595739,2026-05-22,36.0,144.0,0.0,0.0,2.03,0.0,3.0,0.0,0.0553316469081466,0.0,0.0148772447446078,0.1508387314383856,"{""benchmark"":""SPY"",""history_period"":""4y"",""option_dte_max"":45,""option_dte_min"":25,""option_target_dte"":35,""target_otm_pct"":0.05}",2026-04-16,
IAU,ETF,marketCap,87546339328.0,90.23999786376952,0.0,0.0,-0.0024354366733971,0.273154328514363,1.3753617761727734,0.1917889476761143,2026-05-22,36.0,95.0,0.0,0.0,1.88,0.0,1.0,0.0,0.0527482518718183,0.0,0.0208333338265159,0.2112268568521759,"{""benchmark"":""SPY"",""history_period"":""4y"",""option_dte_max"":45,""option_dte_min"":25,""option_target_dte"":35,""target_otm_pct"":0.05}",2026-04-16,
KRE,ETF,totalAssets,3711147008.0,69.16999816894531,1.573,0.0227410733213842,1.0605087750325024,0.2399801168860608,0.7569947187931527,0.282009772405664,2026-05-22,36.0,74.0,0.0,0.0,0.78,0.0,51.0,0.0,0.0698279884185855,0.0,0.011276565283331,0.1143318424559952,"{""benchmark"":""SPY"",""history_period"":""4y"",""option_dte_max"":45,""option_dte_min"":25,""option_target_dte"":35,""target_otm_pct"":0.05}",2026-04-16,
IWF,ETF,marketCap,132795310080.0,468.9100036621094,1.689,0.0036019704992625,1.2316115081804069,0.1706804100439068,0.966240321954124,0.2335668776180857,2026-05-15,29.0,490.0,0.0,0.0,0.96,0.0,1.0,246.0,0.0449766398097315,0.0,0.0020473011718721,0.0257677561287353,"{""benchmark"":""SPY"",""history_period"":""4y"",""option_dte_max"":45,""option_dte_min"":25,""option_target_dte"":35,""target_otm_pct"":0.05}",2026-04-16,
VEA,ETF,totalAssets,282201522176.0,68.69999694824219,1.877,0.0273216897143985,0.7989709866131699,0.1459898815592068,0.661977570818624,0.1345333958583517,2026-05-15,29.0,72.0,0.0,0.0,0.34,0.0,26.0,0.0,0.0480349810531142,0.0,0.0049490540771952,0.0622898185578024,"{""benchmark"":""SPY"",""history_period"":""4y"",""option_dte_max"":45,""option_dte_min"":25,""option_target_dte"":35,""target_otm_pct"":0.05}",2026-04-16,
IEMG,ETF,marketCap,87794532352.0,76.29000091552734,1.849,0.0242364658252831,0.9425657021399004,0.1774752548784959,0.6960991265146736,0.1720626167574837,2026-05-15,29.0,80.0,0.0,0.0,0.8,0.0,2.0,0.0,0.0486302141820731,0.0,0.0104863021418207,0.1319827683367092,"{""benchmark"":""SPY"",""history_period"":""4y"",""option_dte_max"":45,""option_dte_min"":25,""option_target_dte"":35,""target_otm_pct"":0.05}",2026-04-16,
XLU,ETF,marketCap,7513869312.0,46.02000045776367,1.1895,0.0258474573700124,0.308427637884783,0.1413270601919892,0.4469307644272036,0.1839225019757951,2026-05-22,36.0,48.5,0.0,0.0,0.27,0.0,1.0,0.0,0.0538896027285447,0.0,0.005867014283231,0.0594850059272039,"{""benchmark"":""SPY"",""history_period"":""4y"",""option_dte_max"":45,""option_dte_min"":25,""option_target_dte"":35,""target_otm_pct"":0.05}",2026-04-16,
SPLG,ETF,totalAssets,97328324608.0,82.37999725341797,0.8841410000000001,0.0107324718314835,0.9991865255178078,0.1330740836341884,0.7797037631984562,0.1872341782679583,2026-06-18,63.0,86.0,0.0,0.0,2.85,31.0,1.0,2866.0,0.0439427393454039,0.0,0.0345957768271442,0.2004358498715497,"{""benchmark"":""SPY"",""history_period"":""4y"",""option_dte_max"":45,""option_dte_min"":25,""option_target_dte"":35,""target_otm_pct"":0.05}",2026-04-16,
IJH,ETF,marketCap,18368063488.0,71.36000061035156,0.889,0.012457959534701,1.0310650864572697,0.164453369890271,0.49365007351437,0.2410465470096296,2026-05-15,29.0,75.0,0.0,0.0,0.05,0.0,1.0,45.0,0.0510089596204461,0.0,0.0007006726397469,0.0088188108106083,"{""benchmark"":""SPY"",""history_period"":""4y"",""option_dte_max"":45,""option_dte_min"":25,""option_target_dte"":35,""target_otm_pct"":0.05}",2026-04-16,
GLDM,ETF,totalAssets,29616130048.0,94.91000366210938,0.0,0.0,-0.0050742586390537,0.2726593242464995,1.3858724629097874,0.1914395003714658,,,,,,,,,,,,,,"{""benchmark"":""SPY"",""history_period"":""4y"",""option_dte_max"":45,""option_dte_min"":25,""option_target_dte"":35,""target_otm_pct"":0.05}",2026-04-16,
IWD,ETF,marketCap,68415709184.0,224.02000427246097,3.5789999999999997,0.0159762518156507,0.7498776186504472,0.115844767693327,0.5433936847470007,0.1571345026578672,2026-05-15,29.0,235.0,0.0,0.0,0.4,0.0,28.0,189.0,0.0490134609326442,0.0,0.0017855548271193,0.0224733624792613,"{""benchmark"":""SPY"",""history_period"":""4y"",""option_dte_max"":45,""option_dte_min"":25,""option_target_dte"":35,""target_otm_pct"":0.05}",2026-04-16,
VTV,ETF,marketCap,85715673088.0,202.0399932861328,3.972,0.0196594740249014,0.6482423767586126,0.1100222618904101,0.5485672917630313,0.1451953475689873,2026-05-15,29.0,210.0,0.0,0.0,0.45,0.0,4.0,196.0,0.0393981735219821,0.0,0.0022272818004042,0.028033029556812,"{""benchmark"":""SPY"",""history_period"":""4y"",""option_dte_max"":45,""option_dte_min"":25,""option_target_dte"":35,""target_otm_pct"":0.05}",2026-04-16,
XLC,ETF,totalAssets,24108154880.0,117.36000061035156,1.3969999999999998,0.0119035445870369,0.7939998699278227,0.1392786482834573,1.0677788389738407,0.1797084647189051,2026-05-22,36.0,121.0,0.0,0.0,1.05,0.0,1.0,0.0,0.0310156728929615,0.0,0.008946830219319,0.0907109175014296,"{""benchmark"":""SPY"",""history_period"":""4y"",""option_dte_max"":45,""option_dte_min"":25,""option_target_dte"":35,""target_otm_pct"":0.05}",2026-04-16,
KWEB,ETF,totalAssets,6039135744.0,29.63999938964844,2.096,0.0707152511187977,1.1444323445903686,0.2643900633362036,0.1039362196225479,0.3136365152934044,2026-05-22,36.0,31.0,0.0,0.0,0.76,0.0,6728.0,0.0,0.0458839621577904,0.0,0.0256410261690297,0.2599715153248845,"{""benchmark"":""SPY"",""history_period"":""4y"",""option_dte_max"":45,""option_dte_min"":25,""option_target_dte"":35,""target_otm_pct"":0.05}",2026-04-16,
IJR,ETF,marketCap,74826096640.0,132.25999450683594,1.598,0.0120822627126104,1.1003849504292211,0.1844071084361299,0.4451149834427976,0.2802412585809234,2026-05-15,29.0,140.0,0.0,0.0,0.55,0.0,5.0,28.0,0.0585211387768809,0.0,0.0041584759023377,0.0523394380811475,"{""benchmark"":""SPY"",""history_period"":""4y"",""option_dte_max"":45,""option_dte_min"":25,""option_target_dte"":35,""target_otm_pct"":0.05}",2026-04-16,
XLB,ETF,marketCap,3695439616.0,51.380001068115234,0.8745,0.0170202409852164,0.7602996166546607,0.1679353464815919,0.3516694558502808,0.2316583043169939,2026-05-22,36.0,55.0,0.0,0.0,0.53,0.0,1.0,0.0,0.0704554078752486,0.0,0.0103152975667978,0.1045856558855893,"{""benchmark"":""SPY"",""history_period"":""4y"",""option_dte_max"":45,""option_dte_min"":25,""option_target_dte"":35,""target_otm_pct"":0.05}",2026-04-16,
VUG,ETF,marketCap,117562261504.0,485.6600036621094,1.988,0.0040933986431032,1.2500324012528938,0.1738624769512751,1.0040686829035352,0.2284542611248503,2026-05-15,29.0,500.0,0.0,0.0,4.6,0.0,68.0,0.0,0.0295268217060498,0.0,0.0094716467596956,0.1192121057685832,"{""benchmark"":""SPY"",""history_period"":""4y"",""option_dte_max"":45,""option_dte_min"":25,""option_target_dte"":35,""target_otm_pct"":0.05}",2026-04-16,
ARKK,ETF,totalAssets,5980084736.0,77.47000122070312,0.0,0.0,2.1588725042675208,0.3740701994655935,1.0148590214523598,0.3955535608681026,2026-05-22,36.0,80.0,0.0,0.0,2.38,0.0,19.0,0.0,0.0326577867488242,0.0,0.0307215691557775,0.3114825761627443,"{""benchmark"":""SPY"",""history_period"":""4y"",""option_dte_max"":45,""option_dte_min"":25,""option_target_dte"":35,""target_otm_pct"":0.05}",2026-04-16,
IYR,ETF,marketCap,4958194688.0,100.47000122070312,2.247,0.0223648847685788,0.4569634195698793,0.1341505055002939,0.275276172723907,0.1752353717357163,2026-05-22,36.0,104.0,0.0,0.0,0.51,0.0,,0.0,0.0351348535523803,0.0,0.0050761420703049,0.0514664404350362,"{""benchmark"":""SPY"",""history_period"":""4y"",""option_dte_max"":45,""option_dte_min"":25,""option_target_dte"":35,""target_otm_pct"":0.05}",2026-04-16,
EWJ,ETF,marketCap,20294598656.0,89.06999969482422,3.652,0.0410014596666964,0.9180858229718912,0.1944915149722052,0.6811987670576667,0.1467618828956735,2026-05-22,36.0,93.0,0.0,0.0,1.27,0.0,7.0,0.0,0.0441226037795097,0.0,0.0142584484602148,0.1445648246660668,"{""benchmark"":""SPY"",""history_period"":""4y"",""option_dte_max"":45,""option_dte_min"":25,""option_target_dte"":35,""target_otm_pct"":0.05}",2026-04-16,
ACWI,ETF,totalAssets,28206403584.0,148.8000030517578,2.196,0.014758064213454,0.9466587332291234,0.1306069683049507,0.715045901748038,0.1654717123897126,2026-05-15,29.0,150.0,0.0,0.0,0.73,0.0,,0.0,0.0080644954545114,0.0,0.0049059138778786,0.0617468470836447,"{""benchmark"":""SPY"",""history_period"":""4y"",""option_dte_max"":45,""option_dte_min"":25,""option_target_dte"":35,""target_otm_pct"":0.05}",2026-04-16,
MDY,ETF,marketCap,36097396736.0,651.4000244140625,7.122,0.0109333738610253,1.0269594375597275,0.1638987573283736,0.4811945859460012,0.2403443614574618,2026-05-15,29.0,680.0,0.0,0.0,2.81,0.0,2.0,0.0,0.0439053953239614,0.0,0.0043137855306769,0.0542941971964513,"{""benchmark"":""SPY"",""history_period"":""4y"",""option_dte_max"":45,""option_dte_min"":25,""option_target_dte"":35,""target_otm_pct"":0.05}",2026-04-16,
VT,ETF,totalAssets,79217811456.0,148.6199951171875,2.5149999999999997,0.0169223528638721,0.935664860505038,0.129818198202608,0.7105106834914405,0.1651450092385108,2026-05-15,29.0,155.0,0.0,0.0,0.41,0.0,78.0,25.0,0.0429283077137894,0.0,0.0027587135881461,0.034721739988736,"{""benchmark"":""SPY"",""history_period"":""4y"",""option_dte_max"":45,""option_dte_min"":25,""option_target_dte"":35,""target_otm_pct"":0.05}",2026-04-16,
SCHD,ETF,totalAssets,84820000768.0,30.649999618530273,1.0550000000000002,0.034420881341942,0.4522075615310284,0.1175228351755991,0.398182089649377,0.1612483243147001,2026-05-22,36.0,32.0,0.0,0.0,0.06,0.0,16.0,0.0,0.0440456899925554,0.0,0.001957585668736,0.0198477435857959,"{""benchmark"":""SPY"",""history_period"":""4y"",""option_dte_max"":45,""option_dte_min"":25,""option_target_dte"":35,""target_otm_pct"":0.05}",2026-04-16,
VWO,ETF,marketCap,82378588160.0,58.09000015258789,1.452,0.0249956962676185,0.8272944580622275,0.1529993432675571,0.5694758923076748,0.1736790808132112,2026-05-15,29.0,61.0,0.0,0.0,0.45,0.0,3.0,0.0,0.0500946779095932,0.0,0.0077466000829396,0.0975003113887228,"{""benchmark"":""SPY"",""history_period"":""4y"",""option_dte_max"":45,""option_dte_min"":25,""option_target_dte"":35,""target_otm_pct"":0.05}",2026-04-16,
VXUS,ETF,totalAssets,582269730816.0,82.6500015258789,2.2880000000000003,0.0276830000938789,0.8059645646687965,0.142257626874309,0.6379652708635262,0.1357994832214794,2026-05-15,29.0,86.0,0.0,0.0,0.46,0.0,1.0,0.0,0.0405323461860089,0.0,0.0055656381307623,0.0700502730251126,"{""benchmark"":""SPY"",""history_period"":""4y"",""option_dte_max"":45,""option_dte_min"":25,""option_target_dte"":35,""target_otm_pct"":0.05}",2026-04-16,
XOP,ETF,marketCap,11580329984.0,164.25999450683594,3.252,0.0197978820696031,0.2706063899652305,0.2682009172898414,0.3097114799221931,0.3497717778993119,2026-05-22,36.0,169.0,0.0,0.0,6.0,0.0,2.0,0.0,0.0288567250193521,0.0,0.0365274576929947,0.3703478349428634,"{""benchmark"":""SPY"",""history_period"":""4y"",""option_dte_max"":45,""option_dte_min"":25,""option_target_dte"":35,""target_otm_pct"":0.05}",2026-04-16,
SCHX,ETF,totalAssets,61436944384.0,27.59000015258789,0.299,0.0108372598168309,1.007197026592354,0.1340670514917825,0.7795947733075534,0.1903751409817511,2026-05-15,29.0,29.0,0.0,0.0,0.25,0.0,1.0,3.0,0.051105467184271,0.0,0.0090612540274506,0.1140468179317059,"{""benchmark"":""SPY"",""history_period"":""4y"",""option_dte_max"":45,""option_dte_min"":25,""option_target_dte"":35,""target_otm_pct"":0.05}",2026-04-16,
IWB,ETF,marketCap,48010829824.0,383.3200073242187,3.765,0.009822080580353,1.0004348635512483,0.133158428433935,0.7653766289912587,0.1909491164470148,2026-05-15,29.0,400.0,0.0,0.0,0.73,0.0,8.0,8.0,0.0435145370893019,0.0,0.0019044140301879,0.0239693490006417,"{""benchmark"":""SPY"",""history_period"":""4y"",""option_dte_max"":45,""option_dte_min"":25,""option_target_dte"":35,""target_otm_pct"":0.05}",2026-04-16,
SPYG,ETF,marketCap,15114934272.0,109.37000274658205,0.5640000000000001,0.005156807038826,1.2431720595130178,0.1731966166223026,1.018571821936539,0.2214275330765032,2026-05-15,29.0,111.0,0.0,0.0,1.6,0.0,4.0,0.0,0.0149035129604484,0.0,0.0146292398264569,0.1841266391950611,"{""benchmark"":""SPY"",""history_period"":""4y"",""option_dte_max"":45,""option_dte_min"":25,""option_target_dte"":35,""target_otm_pct"":0.05}",2026-04-16,
SCHG,ETF,totalAssets,48416563200.0,32.09000015258789,0.126,0.0039264568214668,1.2376608000252305,0.1711576534562144,1.0149920738831937,0.2339261301231261,2026-05-15,29.0,34.0,0.0,0.0,0.1,0.0,62.0,0.0,0.0595200946815226,0.0,0.0031162355725927,0.0392215856550462,"{""benchmark"":""SPY"",""history_period"":""4y"",""option_dte_max"":45,""option_dte_min"":25,""option_target_dte"":35,""target_otm_pct"":0.05}",2026-04-16,
IVW,ETF,marketCap,16525271040.0,126.33999633789062,0.487,0.0038546779651436,1.2396979858624526,0.171593992818774,1.0111905295134125,0.2215364043207103,2026-05-15,29.0,132.0,0.0,0.0,0.21,0.0,23.0,0.0,0.0447997769999293,0.0,0.0016621814634089,0.0209205597980785,"{""benchmark"":""SPY"",""history_period"":""4y"",""option_dte_max"":45,""option_dte_min"":25,""option_target_dte"":35,""target_otm_pct"":0.05}",2026-04-16,
VGT,ETF,totalAssets,121284206592.0,784.02001953125,3.0629999999999997,0.0039067879948158,1.4654049412227532,0.2130445621174805,1.1169622524530154,0.2722878063366321,2026-05-15,29.0,825.0,0.0,0.0,4.5,0.0,3.0,84.0,0.0522690485547181,0.0,0.005739649355753,0.0722404143051671,"{""benchmark"":""SPY"",""history_period"":""4y"",""option_dte_max"":45,""option_dte_min"":25,""option_target_dte"":35,""target_otm_pct"":0.05}",2026-04-16,
INDA,ETF,totalAssets,6745649664.0,49.97999954223633,0.0,0.0,0.472251670648061,0.1501947994040789,0.2587239598344497,0.2272196508482873,2026-05-15,29.0,52.0,0.0,0.0,0.55,0.0,16.0,0.0,0.0404161759956929,0.0,0.0110044018614929,0.1385036786015486,"{""benchmark"":""SPY"",""history_period"":""4y"",""option_dte_max"":45,""option_dte_min"":25,""option_target_dte"":35,""target_otm_pct"":0.05}",2026-04-16,
VTWO,ETF,totalAssets,14520372224.0,108.83999633789062,1.258,0.0115582510320431,1.2271007521677186,0.1955344955176309,0.5853331956832244,0.275664220375225,2026-05-15,29.0,110.0,0.0,0.0,1.55,0.0,110.0,0.0,0.0106578803853334,0.0,0.0142410883145206,0.1792412839586214,"{""benchmark"":""SPY"",""history_period"":""4y"",""option_dte_max"":45,""option_dte_min"":25,""option_target_dte"":35,""target_otm_pct"":0.05}",2026-04-16,
VNQ,ETF,marketCap,34904367104.0,94.29000091552734,3.487,0.036981651990055,0.4727014283758308,0.1344727427817448,0.2806348058289147,0.1745481764935815,2026-05-15,29.0,99.0,0.0,0.0,0.13,0.0,31.0,0.0,0.049952264701877,0.0,0.0013787251960731,0.0173529205712657,"{""benchmark"":""SPY"",""history_period"":""4y"",""option_dte_max"":45,""option_dte_min"":25,""option_target_dte"":35,""target_otm_pct"":0.05}",2026-04-16,
EWT,ETF,marketCap,6862899712.0,80.73999786376953,2.816,0.0348773851189761,1.2290380583236016,0.2382322489120565,1.1707717014033117,0.2566123541576474,2026-05-15,29.0,85.0,0.0,0.0,0.95,0.0,218.0,0.0,0.0527619797986402,0.0,0.0117661633036318,0.1480913657181251,"{""benchmark"":""SPY"",""history_period"":""4y"",""option_dte_max"":45,""option_dte_min"":25,""option_target_dte"":35,""target_otm_pct"":0.05}",2026-04-16,
XLRE,ETF,totalAssets,7306239488.0,43.40999984741211,1.399,0.0322275974410859,0.4389923441718086,0.1367883472901169,0.2845067080730759,0.1673945225321064,2026-05-15,29.0,46.0,0.0,0.0,0.03,0.0,3.0,44.0,0.0596636756897452,0.0,0.0006910850058846,0.0086981388671684,"{""benchmark"":""SPY"",""history_period"":""4y"",""option_dte_max"":45,""option_dte_min"":25,""option_target_dte"":35,""target_otm_pct"":0.05}",2026-04-16,
VIG,ETF,totalAssets,117045436416.0,224.3699951171875,3.4530000000000003,0.0153897583239528,0.7578974532752493,0.1123981147119638,0.5275359946080287,0.1495047285710901,2026-05-15,29.0,235.0,0.0,0.0,0.16,0.0,2.0,45.0,0.047377123118715,0.0,0.0007131078285063,0.0089753226691317,"{""benchmark"":""SPY"",""history_period"":""4y"",""option_dte_max"":45,""option_dte_min"":25,""option_target_dte"":35,""target_otm_pct"":0.05}",2026-04-16,
OEF,ETF,marketCap,13459680256.0,345.1199951171875,3.127,0.0090606167253166,1.0466131368141944,0.141797018816417,0.904839803025994,0.1979837502921047,2026-05-15,29.0,350.0,0.0,0.0,2.21,0.0,603.0,0.0,0.014140023620351,0.0,0.0064035698634313,0.0805966551776705,"{""benchmark"":""SPY"",""history_period"":""4y"",""option_dte_max"":45,""option_dte_min"":25,""option_target_dte"":35,""target_otm_pct"":0.05}",2026-04-16,
VONG,ETF,totalAssets,44948783104.0,120.6500015258789,0.556,0.004608371263723,1.2286970809162134,0.1702688975271582,0.9729333313454916,0.2326569189548345,,,,,,,,,,,,,,"{""benchmark"":""SPY"",""history_period"":""4y"",""option_dte_max"":45,""option_dte_min"":25,""option_target_dte"":35,""target_otm_pct"":0.05}",2026-04-16,
COPX,ETF,totalAssets,6707480576.0,86.08000183105469,1.922,0.0223280664395456,1.5045471378764228,0.3827801338754697,1.3084654537687088,0.3972277657296387,2026-05-22,36.0,90.0,0.0,0.0,4.65,0.0,2.0,0.0,0.0455390112170177,0.0,0.0540195155795459,0.5476978662926184,"{""benchmark"":""SPY"",""history_period"":""4y"",""option_dte_max"":45,""option_dte_min"":25,""option_target_dte"":35,""target_otm_pct"":0.05}",2026-04-16,
IBB,ETF,marketCap,12266503168.0,175.99000549316406,0.388,0.002204670651113,0.9225659716784858,0.2132572574062036,0.3576068874265103,0.2485101257272368,2026-05-15,29.0,185.0,0.0,0.0,1.16,0.0,3.0,0.0,0.0511960578760588,0.0,0.0065912833899255,0.0829592564594078,"{""benchmark"":""SPY"",""history_period"":""4y"",""option_dte_max"":45,""option_dte_min"":25,""option_target_dte"":35,""target_otm_pct"":0.05}",2026-04-16,
SGOL,ETF,totalAssets,7866952704.0,45.68000030517578,0.0,0.0,-0.0024280694084379,0.2721276250331586,1.380406411354956,0.191402454421194,2026-05-15,29.0,48.0,0.0,0.0,0.75,0.0,14.0,0.0,0.0507880840482688,0.0,0.0164185638132542,0.2066474410978545,"{""benchmark"":""SPY"",""history_period"":""4y"",""option_dte_max"":45,""option_dte_min"":25,""option_target_dte"":35,""target_otm_pct"":0.05}",2026-04-16,
JEPI,ETF,totalAssets,43964334080.0,57.61000061035156,4.775,0.0828849149350991,0.5412201744633344,0.0872460823030007,0.3360109965723292,0.1325786062445925,2026-05-15,29.0,60.0,0.0,0.0,0.06,0.0,10.0,0.0,0.0414858421164292,0.0,0.0010414858421164,0.0131083562887067,"{""benchmark"":""SPY"",""history_period"":""4y"",""option_dte_max"":45,""option_dte_min"":25,""option_target_dte"":35,""target_otm_pct"":0.05}",2026-04-16,
VGK,ETF,marketCap,24832645120.0,88.02999877929688,2.4770000000000003,0.0281381351169863,0.7527954367386717,0.1436936340516347,0.5721172983727711,0.1430656731790939,2026-05-15,29.0,90.0,0.0,0.0,1.05,0.0,3.0,0.0,0.0223787486995448,0.0,0.0119277520681613,0.1501251553406515,"{""benchmark"":""SPY"",""history_period"":""4y"",""option_dte_max"":45,""option_dte_min"":25,""option_target_dte"":35,""target_otm_pct"":0.05}",2026-04-16,
SCHF,ETF,totalAssets,56551763968.0,26.5,0.8220000000000001,0.0310188679245283,0.8067799052049169,0.1471337191214362,0.6608513612820954,0.1340808702140437,2026-05-15,29.0,27.0,0.0,0.0,0.35,0.0,32.0,0.0,0.0188679245283018,0.0,0.0132075471698113,0.1662329212752114,"{""benchmark"":""SPY"",""history_period"":""4y"",""option_dte_max"":45,""option_dte_min"":25,""option_target_dte"":35,""target_otm_pct"":0.05}",2026-04-16,
SIL,ETF,totalAssets,5131136000.0,97.58999633789062,0.988,0.0101239884934435,0.7626640804933698,0.4782293889953606,2.2041728617446465,0.3290688531694146,2026-05-15,29.0,102.0,0.0,0.0,4.65,0.0,3.0,0.0,0.0451890954769627,0.0,0.0476483264114497,0.5997116944889369,"{""benchmark"":""SPY"",""history_period"":""4y"",""option_dte_max"":45,""option_dte_min"":25,""option_target_dte"":35,""target_otm_pct"":0.05}",2026-04-16,
SIVR,ETF,totalAssets,4970486784.0,75.5,0.0,0.0,0.8043668967268837,0.5662849848183358,2.14190586111629,0.4241905062588628,2026-05-15,29.0,79.0,0.0,0.0,2.5,0.0,10.0,0.0,0.0463576158940397,0.0,0.0331125827814569,0.4167618177666134,"{""benchmark"":""SPY"",""history_period"":""4y"",""option_dte_max"":45,""option_dte_min"":25,""option_target_dte"":35,""target_otm_pct"":0.05}",2026-04-16,
SILJ,ETF,totalAssets,4027863296.0,31.88999938964844,0.554,0.0173722173284151,0.9705888899101924,0.5259511121598834,2.0195319561700815,0.3487743624581723,2026-05-22,36.0,33.0,0.0,0.0,2.57,0.0,21.0,0.0,0.0348071693821314,0.0,0.0805895280397599,0.8170882704031215,"{""benchmark"":""SPY"",""history_period"":""4y"",""option_dte_max"":45,""option_dte_min"":25,""option_target_dte"":35,""target_otm_pct"":0.05}",2026-04-16,
VEU,ETF,marketCap,37239341056.0,80.48999786376953,2.193,0.0272456212970918,0.8087761403179863,0.142965365843651,0.6461276196968577,0.1369297858339547,2026-05-15,29.0,82.0,0.0,0.0,0.9,0.0,6.0,0.0,0.0187601214598882,0.0,0.0111815135282182,0.1407328426827474,"{""benchmark"":""SPY"",""history_period"":""4y"",""option_dte_max"":45,""option_dte_min"":25,""option_target_dte"":35,""target_otm_pct"":0.05}",2026-04-16,
IWR,ETF,marketCap,35755208704.0,102.26000213623048,1.242,0.0121455111877018,0.9395040624471636,0.1448208712740763,0.5292870972199071,0.2109413274974113,2026-05-15,29.0,106.0,0.0,1.4,1.43,3.0,,68.0,0.0365734185961301,0.979020979020979,0.0139839621565327,0.1760050409356702,"{""benchmark"":""SPY"",""history_period"":""4y"",""option_dte_max"":45,""option_dte_min"":25,""option_target_dte"":35,""target_otm_pct"":0.05}",2026-04-16,
URA,ETF,totalAssets,6505265152.0,54.84000015258789,2.084,0.0380014586834689,1.6505549111711255,0.4814464838686023,2.2173243885484912,0.3781013152230228,2026-05-22,36.0,57.0,0.0,0.0,3.16,0.0,2.0,0.0,0.0393873056419051,0.0,0.0576221734355863,0.5842248139996947,"{""benchmark"":""SPY"",""history_period"":""4y"",""option_dte_max"":45,""option_dte_min"":25,""option_target_dte"":35,""target_otm_pct"":0.05}",2026-04-16,
IVE,ETF,marketCap,28984428544.0,218.0099945068359,3.4539999999999997,0.0158433103391124,0.725597754663925,0.1109242832255361,0.5174992721846663,0.175836540386457,2026-05-15,29.0,220.0,0.0,0.0,2.7,0.0,1.0,0.0,0.0091280470772254,0.0,0.0123847533050386,0.1558770674599695,"{""benchmark"":""SPY"",""history_period"":""4y"",""option_dte_max"":45,""option_dte_min"":25,""option_target_dte"":35,""target_otm_pct"":0.05}",2026-04-16,
IYW,ETF,marketCap,4237999360.0,205.22999572753903,0.271,0.0013204697443924,1.4398892130635907,0.2091881999603806,1.274298619495914,0.2647480551652522,2026-05-15,29.0,210.0,0.0,0.0,2.88,0.0,1.0,0.0,0.0232422373520562,0.0,0.014033036397971,0.1766226994917046,"{""benchmark"":""SPY"",""history_period"":""4y"",""option_dte_max"":45,""option_dte_min"":25,""option_target_dte"":35,""target_otm_pct"":0.05}",2026-04-16,
SCHB,ETF,totalAssets,36927254528.0,27.010000228881836,0.295,0.0109218806923428,1.008644790775939,0.1344848662281604,0.7633002072164468,0.1934354335627828,2026-05-15,29.0,27.0,0.0,0.0,0.5,0.0,6.0,0.0,-0.0003702417177746,0.0,0.0185116621904115,0.232991610327594,"{""benchmark"":""SPY"",""history_period"":""4y"",""option_dte_max"":45,""option_dte_min"":25,""option_target_dte"":35,""target_otm_pct"":0.05}",2026-04-16,
VYM,ETF,totalAssets,88722817024.0,153.0500030517578,3.513,0.0229532827830914,0.6870598124012912,0.1105159316128028,0.5613552365168042,0.144553170425108,2026-05-15,29.0,161.0,0.0,0.0,0.27,0.0,2.0,0.0,0.0519437882373232,0.0,0.001764129334311,0.0222036967939148,"{""benchmark"":""SPY"",""history_period"":""4y"",""option_dte_max"":45,""option_dte_min"":25,""option_target_dte"":35,""target_otm_pct"":0.05}",2026-04-16,
DYNF,ETF,totalAssets,30008514560.0,62.91999816894531,0.6000000000000001,0.0095359189043354,1.010778770231516,0.1365441920884357,0.9962481316300658,0.1869944606804211,2026-05-15,29.0,66.0,0.0,0.0,0.09,0.0,,0.0,0.0489510794769039,0.0,0.0014303878356503,0.0180031572418057,"{""benchmark"":""SPY"",""history_period"":""4y"",""option_dte_max"":45,""option_dte_min"":25,""option_target_dte"":35,""target_otm_pct"":0.05}",2026-04-16,
SPDW,ETF,totalAssets,35649814528.0,48.880001068115234,1.4660000000000002,0.0299918160385696,0.7993812139812801,0.1457089937995608,0.6595195052420453,0.1352925893921166,2026-05-15,29.0,50.0,0.0,0.0,0.74,0.0,15.0,3.0,0.0229132346033305,0.0,0.0151391158721292,0.1905440445974893,"{""benchmark"":""SPY"",""history_period"":""4y"",""option_dte_max"":45,""option_dte_min"":25,""option_target_dte"":35,""target_otm_pct"":0.05}",2026-04-16,
USMV,ETF,totalAssets,22560100352.0,93.94000244140624,1.4700000000000002,0.0156482857334061,0.4384925040840742,0.0941867734483183,0.3421062326839914,0.0935946956331466,2026-05-15,29.0,97.0,0.0,0.0,0.37,0.0,2.0,0.0,0.0325739565580955,0.0,0.0039386841641906,0.0495730937906757,"{""benchmark"":""SPY"",""history_period"":""4y"",""option_dte_max"":45,""option_dte_min"":25,""option_target_dte"":35,""target_otm_pct"":0.05}",2026-04-16,
VO,ETF,marketCap,46485987328.0,301.9100036621094,4.33,0.0143420222830576,0.867102281631869,0.132974308857062,0.5066005424560986,0.1901853657508414,2026-05-15,29.0,315.0,0.0,0.0,0.8,0.0,2.0,0.0,0.0433572792524643,0.0,0.0026497962647681,0.033350884022082,"{""benchmark"":""SPY"",""history_period"":""4y"",""option_dte_max"":45,""option_dte_min"":25,""option_target_dte"":35,""target_otm_pct"":0.05}",2026-04-16,
EMXC,ETF,totalAssets,17542797312.0,87.68000030517578,2.047,0.0233462590428294,0.9827402064133788,0.1930455863294068,0.8909130846480451,0.1911526818056912,2026-05-15,29.0,88.0,0.0,0.0,2.23,0.0,1.0,0.0,0.0036496315432303,0.0,0.0254333940720614,0.320109959872497,"{""benchmark"":""SPY"",""history_period"":""4y"",""option_dte_max"":45,""option_dte_min"":25,""option_target_dte"":35,""target_otm_pct"":0.05}",2026-04-16,
EFV,ETF,totalAssets,28638212096.0,78.25,2.972,0.0379808306709265,0.6325991663635429,0.1358312355767033,0.8156582802716623,0.1371644833599238,2026-05-15,29.0,80.0,0.0,0.0,1.02,0.0,1.0,0.0,0.0223642172523961,0.0,0.013035143769968,0.1640630164151151,"{""benchmark"":""SPY"",""history_period"":""4y"",""option_dte_max"":45,""option_dte_min"":25,""option_target_dte"":35,""target_otm_pct"":0.05}",2026-04-16,
IXUS,ETF,totalAssets,51986108416.0,92.93000030517578,2.741,0.0294953189604943,0.8134137172218232,0.1433238324558127,0.6410321596885029,0.1374636197693628,2026-05-15,29.0,95.0,0.0,0.0,0.9,0.0,12.0,17.0,0.0222748271605131,0.0,0.009684708888889,0.1218937498084314,"{""benchmark"":""SPY"",""history_period"":""4y"",""option_dte_max"":45,""option_dte_min"":25,""option_target_dte"":35,""target_otm_pct"":0.05}",2026-04-16,
SCHH,ETF,totalAssets,9150117888.0,22.8799991607666,0.652,0.028496504541749,0.406927855442093,0.1335976332445784,0.2899864363174187,0.1775409541353823,2026-05-15,29.0,23.0,0.0,0.0,0.25,0.0,1.0,0.0,0.0052447921169145,0.0,0.0109265738273577,0.1375241188615718,"{""benchmark"":""SPY"",""history_period"":""4y"",""option_dte_max"":45,""option_dte_min"":25,""option_target_dte"":35,""target_otm_pct"":0.05}",2026-04-16,
ITA,ETF,totalAssets,13488702464.0,234.0,1.073,0.00458547008547,0.8820708846262302,0.1965968771483801,1.0710895507068656,0.1582456394988374,2026-05-15,29.0,245.0,0.0,0.0,2.87,0.0,8.0,0.0,0.047008547008547,0.0,0.0122649572649572,0.1543692897141173,"{""benchmark"":""SPY"",""history_period"":""4y"",""option_dte_max"":45,""option_dte_min"":25,""option_target_dte"":35,""target_otm_pct"":0.05}",2026-04-16,
MTUM,ETF,totalAssets,20236066816.0,269.989990234375,1.967,0.0072854552803697,1.211020182880337,0.1856186253899629,0.937793059475488,0.2099199000465911,2026-05-15,29.0,285.0,0.0,0.0,0.95,0.0,1.0,76.0,0.0555946898349639,0.0,0.0035186489661165,0.0442864438838806,"{""benchmark"":""SPY"",""history_period"":""4y"",""option_dte_max"":45,""option_dte_min"":25,""option_target_dte"":35,""target_otm_pct"":0.05}",2026-04-16,
SPYV,ETF,marketCap,5216182272.0,58.40999984741211,1.031,0.0176510871887235,0.7288729915476774,0.1110722756254183,0.5230947055660913,0.1753734657705942,2026-05-15,29.0,59.0,0.0,0.0,0.51,0.0,61.0,0.0,0.0101010127397564,0.0,0.008731381635547,0.1098949757577473,"{""benchmark"":""SPY"",""history_period"":""4y"",""option_dte_max"":45,""option_dte_min"":25,""option_target_dte"":35,""target_otm_pct"":0.05}",2026-04-16,
SPMO,ETF,totalAssets,12323705856.0,126.58000183105467,1.015,0.0080186442196036,1.2003468532515835,0.174747386354704,1.3226228144076555,0.2012715832641037,2026-05-15,29.0,132.0,0.0,0.0,0.3,0.0,2.0,0.0,0.0428187556528822,0.0,0.0023700426264838,0.0298298468505722,"{""benchmark"":""SPY"",""history_period"":""4y"",""option_dte_max"":45,""option_dte_min"":25,""option_target_dte"":35,""target_otm_pct"":0.05}",2026-04-16,
VB,ETF,marketCap,245848424448.0,278.2799987792969,3.501,0.0125808538714873,1.1036554542887833,0.1728276480677416,0.5433646313333345,0.2536141329549846,2026-05-15,29.0,295.0,0.0,0.0,0.65,0.0,27.0,0.0,0.0600833739185249,0.0,0.0023357769255831,0.0293985716495815,"{""benchmark"":""SPY"",""history_period"":""4y"",""option_dte_max"":45,""option_dte_min"":25,""option_target_dte"":35,""target_otm_pct"":0.05}",2026-04-16,
MCHI,ETF,totalAssets,6613231616.0,58.029998779296875,1.271,0.0219024647033673,0.8402987154781699,0.202362053123476,0.2671350468400997,0.2584801355481448,2026-05-15,29.0,61.0,0.0,0.0,0.49,0.0,1.0,322.0,0.0511804460310056,0.0,0.0084439085009047,0.1062767794079397,"{""benchmark"":""SPY"",""history_period"":""4y"",""option_dte_max"":45,""option_dte_min"":25,""option_target_dte"":35,""target_otm_pct"":0.05}",2026-04-16,
EFG,ETF,totalAssets,13903223808.0,120.44000244140624,2.88,0.0239123210031576,0.9384814768269624,0.161936561314896,0.36181946388541,0.1687041981105861,2026-05-15,29.0,125.0,0.0,0.0,1.04,0.0,1.0,2.0,0.0378611546509406,0.0,0.0086350048066958,0.1086819570497922,"{""benchmark"":""SPY"",""history_period"":""4y"",""option_dte_max"":45,""option_dte_min"":25,""option_target_dte"":35,""target_otm_pct"":0.05}",2026-04-16,
KBWB,ETF,totalAssets,4832956416.0,86.05999755859375,1.7959999999999998,0.0208691616424599,1.1598837169364025,0.2101728159204839,1.229917596255655,0.2542684805291363,2026-05-15,29.0,90.0,0.0,0.0,0.75,0.0,2.0,0.0,0.0457820422168115,0.0,0.0087148503518067,0.1096869096003265,"{""benchmark"":""SPY"",""history_period"":""4y"",""option_dte_max"":45,""option_dte_min"":25,""option_target_dte"":35,""target_otm_pct"":0.05}",2026-04-16,
MGK,ETF,totalAssets,27851730944.0,409.010009765625,1.432,0.0035011368079245,1.2691642376222172,0.1782856170986048,1.054130744761943,0.2336292953978984,2026-05-15,29.0,420.0,0.0,0.0,2.18,0.0,1.0,0.0,0.0268697341678083,0.0,0.0053299429059186,0.0670837641606999,"{""benchmark"":""SPY"",""history_period"":""4y"",""option_dte_max"":45,""option_dte_min"":25,""option_target_dte"":35,""target_otm_pct"":0.05}",2026-04-16,
IDEV,ETF,totalAssets,27528067072.0,88.9800033569336,2.808,0.0315576522146893,0.7573437048565911,0.1381408673746305,0.6096708160992381,0.1341088084629272,2026-05-15,29.0,95.0,0.0,0.0,0.01,0.0,,0.0,0.0676556126764553,0.0,0.0001123848013343,0.0014144983616221,"{""benchmark"":""SPY"",""history_period"":""4y"",""option_dte_max"":45,""option_dte_min"":25,""option_target_dte"":35,""target_otm_pct"":0.05}",2026-04-16,
SPMD,ETF,totalAssets,15626735616.0,62.560001373291016,0.809,0.0129315853938805,1.0355615251352863,0.1647912766173316,0.4949752504580715,0.2408023190408924,2026-05-15,29.0,64.0,0.0,0.0,1.25,0.0,2.0,2.0,0.0230178803564375,0.0,0.0199808179757116,0.2514827090046469,"{""benchmark"":""SPY"",""history_period"":""4y"",""option_dte_max"":45,""option_dte_min"":25,""option_target_dte"":35,""target_otm_pct"":0.05}",2026-04-16,
FNDX,ETF,totalAssets,23670581248.0,29.010000228881836,0.4509999999999999,0.015546363200335,0.7642464497541247,0.1151116638283827,0.6611472006740002,0.1630320910537479,2026-05-15,29.0,37.0,0.0,0.0,2.99,0.0,,0.0,0.275422258120614,0.0,0.103067906804882,1.297233999440757,"{""benchmark"":""SPY"",""history_period"":""4y"",""option_dte_max"":45,""option_dte_min"":25,""option_target_dte"":35,""target_otm_pct"":0.05}",2026-04-16,
ACWX,ETF,totalAssets,9372976128.0,73.48999786376953,1.896,0.0257994292436185,0.826790621012513,0.1447759848475575,0.6325500184991628,0.1384294347840844,2026-05-15,29.0,78.0,0.0,0.0,0.1,0.0,1.0,0.0,0.0613689245792439,0.0,0.0013607293904862,0.0171264216388781,"{""benchmark"":""SPY"",""history_period"":""4y"",""option_dte_max"":45,""option_dte_min"":25,""option_target_dte"":35,""target_otm_pct"":0.05}",2026-04-16,
IWO,ETF,marketCap,15572105216.0,347.9800109863281,1.511,0.0043422034378272,1.3835845271636864,0.2163638683073766,0.574241608330085,0.2857195344720401,2026-05-15,29.0,365.0,0.0,0.0,5.0,0.0,1.0,104.0,0.0489108238298796,0.0,0.0143686414223271,0.1808466937637723,"{""benchmark"":""SPY"",""history_period"":""4y"",""option_dte_max"":45,""option_dte_min"":25,""option_target_dte"":35,""target_otm_pct"":0.05}",2026-04-16,
DGRO,ETF,totalAssets,37549682688.0,72.36000061035156,1.471,0.0203289108290798,0.6495314268149802,0.1056126014438047,0.5385857016716948,0.1402626280356284,2026-05-15,29.0,74.0,0.0,0.0,0.34,0.0,2.0,0.0,0.022664446874173,0.0,0.0046987285396921,0.0591391695512977,"{""benchmark"":""SPY"",""history_period"":""4y"",""option_dte_max"":45,""option_dte_min"":25,""option_target_dte"":35,""target_otm_pct"":0.05}",2026-04-16,
IWP,ETF,marketCap,10342156288.0,135.27999877929688,0.4639999999999999,0.0034299231533627,1.1958812363690778,0.1808644183165542,0.519680297898621,0.2519657762787054,2026-05-15,29.0,137.0,0.0,0.0,1.33,0.0,,0.0,0.0127143793334092,0.0,0.0098314607628717,0.1237407992568345,"{""benchmark"":""SPY"",""history_period"":""4y"",""option_dte_max"":45,""option_dte_min"":25,""option_target_dte"":35,""target_otm_pct"":0.05}",2026-04-16,
IWN,ETF,marketCap,14841853952.0,201.92999267578125,3.092,0.0153122374691733,1.049780612805213,0.1830282025161601,0.5730862456747714,0.2670523901380547,2026-05-15,29.0,210.0,0.0,0.0,3.1,0.0,8.0,568.0,0.0399643818002606,0.0,0.0153518551599086,0.1932216252885049,"{""benchmark"":""SPY"",""history_period"":""4y"",""option_dte_max"":45,""option_dte_min"":25,""option_target_dte"":35,""target_otm_pct"":0.05}",2026-04-16,
FDN,ETF,totalAssets,4539641344.0,258.7699890136719,0.0,0.0,1.2439250692635837,0.2012114805714141,0.8023958752701137,0.249794048078043,2026-05-15,29.0,250.0,0.0,0.0,7.54,0.0,1.0,0.0,-0.0338910591877349,0.0,0.0291378456548979,0.3667349539323358,"{""benchmark"":""SPY"",""history_period"":""4y"",""option_dte_max"":45,""option_dte_min"":25,""option_target_dte"":35,""target_otm_pct"":0.05}",2026-04-16,
QYLD,ETF,totalAssets,8078984704.0,17.639999389648438,2.0460000000000003,0.1159863985710022,0.5905407413265504,0.0927936750301449,0.4777533050733915,0.1905872633720657,2026-05-15,29.0,19.0,0.0,0.0,0.01,0.0,2.0,5.0,0.0770975429369709,0.0,0.000566893443651,0.0071350381700906,"{""benchmark"":""SPY"",""history_period"":""4y"",""option_dte_max"":45,""option_dte_min"":25,""option_target_dte"":35,""target_otm_pct"":0.05}",2026-04-16,
SPEM,ETF,marketCap,3874560000.0,50.45000076293945,1.299,0.0257482652201314,0.8342079240244428,0.1529121308600415,0.5956682581323469,0.1762489083905506,2026-05-15,29.0,48.0,0.0,0.0,0.9,0.0,,0.0,-0.0485629479859041,0.0,0.0178394447252642,0.2245309422317747,"{""benchmark"":""SPY"",""history_period"":""4y"",""option_dte_max"":45,""option_dte_min"":25,""option_target_dte"":35,""target_otm_pct"":0.05}",2026-04-16,
AVEM,ETF,totalAssets,19935643648.0,87.83999633789062,1.946,0.0221539171349051,0.9619197917681666,0.1778547451558061,0.7995862317327374,0.1801809353673602,2026-05-15,29.0,95.0,0.0,0.0,1.94,0.0,,42.0,0.0815118847975273,0.0,0.0220856111211284,0.2779740710073064,"{""benchmark"":""SPY"",""history_period"":""4y"",""option_dte_max"":45,""option_dte_min"":25,""option_target_dte"":35,""target_otm_pct"":0.05}",2026-04-16,
EWC,ETF,marketCap,5502192128.0,58.040000915527344,0.7809999999999999,0.0134562368656176,0.6545014895173943,0.1352264283726003,0.76917790665711,0.1297228333693626,2026-05-15,29.0,60.0,0.0,0.0,0.26,0.0,1.0,0.0,0.0337697976146706,0.0,0.0044796691229969,0.0563820424101334,"{""benchmark"":""SPY"",""history_period"":""4y"",""option_dte_max"":45,""option_dte_min"":25,""option_target_dte"":35,""target_otm_pct"":0.05}",2026-04-16,
FEZ,ETF,marketCap,4043602176.0,66.66999816894531,1.739,0.0260836965315835,0.911944813537582,0.1669833765645418,0.6025196317856218,0.1584678740003469,2026-05-22,36.0,70.0,,0.0,0.5,0.0,,0.0,0.049947531461097,,0.0074996252247221,0.0760378668617659,"{""benchmark"":""SPY"",""history_period"":""4y"",""option_dte_max"":45,""option_dte_min"":25,""option_target_dte"":35,""target_otm_pct"":0.05}",2026-04-16,
VDE,ETF,marketCap,6615556608.0,158.4499969482422,3.93,0.0248027773789338,0.2101155516441953,0.1972887267989307,0.4598168920142826,0.2140726695526223,2026-05-15,29.0,166.0,0.0,0.0,2.1,0.0,2.0,0.0,0.0476491208404632,0.0,0.01325339249256,0.1668099399925665,"{""benchmark"":""SPY"",""history_period"":""4y"",""option_dte_max"":45,""option_dte_min"":25,""option_target_dte"":35,""target_otm_pct"":0.05}",2026-04-16,
SCZ,ETF,totalAssets,13434171392.0,83.9000015258789,2.556,0.0304648385400994,0.6859875599999011,0.1381674825072008,0.5557926991662663,0.1506404527272393,2026-05-15,29.0,82.0,0.0,0.0,1.3,0.0,,0.0,-0.0226460249263863,0.0,0.0154946361901914,0.1950186968765473,"{""benchmark"":""SPY"",""history_period"":""4y"",""option_dte_max"":45,""option_dte_min"":25,""option_target_dte"":35,""target_otm_pct"":0.05}",2026-04-16,
SCHV,ETF,totalAssets,14824918016.0,31.68000030517578,0.599,0.0189078281006877,0.7096324920383539,0.1141369481857159,0.5393835883055573,0.1526595056423033,2026-05-15,29.0,33.0,,0.0,0.35,0.0,,0.0,0.0416666566322148,,0.0110479796915537,0.1390521581867977,"{""benchmark"":""SPY"",""history_period"":""4y"",""option_dte_max"":45,""option_dte_min"":25,""option_target_dte"":35,""target_otm_pct"":0.05}",2026-04-16,
SPHQ,ETF,totalAssets,15730106368.0,79.41000366210938,0.899,0.0113209917962635,0.866973203028205,0.1330413889781814,0.7399474025231543,0.1656867534198254,2026-05-15,29.0,77.0,0.0,0.0,1.0,0.0,1.0,0.0,-0.0303488672833207,0.0,0.0125928718534633,0.1584964905694527,"{""benchmark"":""SPY"",""history_period"":""4y"",""option_dte_max"":45,""option_dte_min"":25,""option_target_dte"":35,""target_otm_pct"":0.05}",2026-04-16,
VONV,ETF,totalAssets,18284244992.0,98.3000030517578,1.71,0.0173957268251521,0.7521730634101854,0.1160985372151881,0.5494225311462793,0.1570053540501828,2026-06-18,63.0,99.0,0.0,0.0,1.57,0.0,1.0,1.0,0.007121026719334,0.0,0.0159715152722157,0.0925333821326782,"{""benchmark"":""SPY"",""history_period"":""4y"",""option_dte_max"":45,""option_dte_min"":25,""option_target_dte"":35,""target_otm_pct"":0.05}",2026-04-16,
BBJP,ETF,totalAssets,15013165056.0,72.55000305175781,3.537,0.0487525823737963,0.8982133861625202,0.1934167815925396,0.7000284432360786,0.1449062158222235,2026-04-17,1.0,75.0,0.0,0.0,0.1,0.0,35.0,10.0,0.0337697704367336,0.0,0.0013783596939156,0.5031012882792104,"{""benchmark"":""SPY"",""history_period"":""4y"",""option_dte_max"":45,""option_dte_min"":25,""option_target_dte"":35,""target_otm_pct"":0.05}",2026-04-16,
VV,ETF,marketCap,34657783808.0,321.8800048828125,3.388,0.0105256615776226,1.0094124528219284,0.1343549992073924,0.7915993587358985,0.18974682382103,2026-05-15,,,,,,,,,,,,,"{""benchmark"":""SPY"",""history_period"":""4y"",""option_dte_max"":45,""option_dte_min"":25,""option_target_dte"":35,""target_otm_pct"":0.05}",2026-04-16,
IUSG,ETF,marketCap,18284175360.0,172.89999389648438,0.897,0.0051879701079517,1.233599916330707,0.1701024760208491,0.988898776769682,0.222776554665026,2026-05-15,29.0,163.0,0.0,0.0,6.05,0.0,6.0,0.0,-0.0572584976631723,0.0,0.0349913257002319,0.4404080648477469,"{""benchmark"":""SPY"",""history_period"":""4y"",""option_dte_max"":45,""option_dte_min"":25,""option_target_dte"":35,""target_otm_pct"":0.05}",2026-04-16,
VYMI,ETF,totalAssets,18793373696.0,99.4000015258789,3.423,0.0344366191896769,0.6092591463298375,0.1237746386071061,0.8075858058414243,0.1283565746349807,2026-05-15,29.0,105.0,0.0,0.0,0.86,0.0,2.0,33.0,0.0563380119532808,0.0,0.0086519113359983,0.1088947461254958,"{""benchmark"":""SPY"",""history_period"":""4y"",""option_dte_max"":45,""option_dte_min"":25,""option_target_dte"":35,""target_otm_pct"":0.05}",2026-04-16,
PDBC,ETF,totalAssets,6465692672.0,17.229999542236328,0.509,0.0295414981731296,-0.1563668837415805,0.1760605388205507,0.338782433971633,0.1394860887802943,2026-05-15,29.0,18.0,0.0,0.0,0.3,0.0,8.0,0.0,0.0446895228218753,0.0,0.0174114920470312,0.2191446412816002,"{""benchmark"":""SPY"",""history_period"":""4y"",""option_dte_max"":45,""option_dte_min"":25,""option_target_dte"":35,""target_otm_pct"":0.05}",2026-04-16,
SPSM,ETF,totalAssets,13871297536.0,51.470001220703125,0.767,0.0149018842395419,1.1018508180863027,0.1838113248799702,0.4479087524284639,0.2794297950157158,2026-05-15,29.0,52.0,0.0,0.0,0.75,0.0,,0.0,0.010297236579114,0.0,0.0145715947583526,0.1834011064413345,"{""benchmark"":""SPY"",""history_period"":""4y"",""option_dte_max"":45,""option_dte_min"":25,""option_target_dte"":35,""target_otm_pct"":0.05}",2026-04-16,
SHLD,ETF,totalAssets,8079923200.0,74.58999633789062,0.356,0.0047727579766505,0.6760672083732301,0.2323100116837584,2.0379110426950566,0.1506083323750008,2026-05-15,29.0,78.0,0.0,0.0,1.19,0.0,1.0,0.0,0.0457166353335392,0.0,0.0159538820006014,0.2007988596627421,"{""benchmark"":""SPY"",""history_period"":""4y"",""option_dte_max"":45,""option_dte_min"":25,""option_target_dte"":35,""target_otm_pct"":0.05}",2026-04-16,
IQLT,ETF,totalAssets,11938388992.0,49.130001068115234,1.057,0.0215143492167758,0.7419617525382762,0.1367710217773452,0.4875254299618368,0.1317550601345488,2026-06-18,63.0,47.0,0.0,0.0,1.95,0.0,1.0,0.0,-0.0433543867658814,0.0,0.039690615868224,0.2299535681254251,"{""benchmark"":""SPY"",""history_period"":""4y"",""option_dte_max"":45,""option_dte_min"":25,""option_target_dte"":35,""target_otm_pct"":0.05}",2026-04-16,
IWY,ETF,totalAssets,14742337536.0,273.9700012207031,0.969,0.0035368835846352,1.228875577765712,0.1714135978227174,1.0200380361091024,0.2321599049350327,2026-05-15,29.0,290.0,0.0,0.0,0.55,0.0,1.0,5.0,0.0585100511292238,0.0,0.0020075190624864,0.0252670502692261,"{""benchmark"":""SPY"",""history_period"":""4y"",""option_dte_max"":45,""option_dte_min"":25,""option_target_dte"":35,""target_otm_pct"":0.05}",2026-04-16,
IUSV,ETF,marketCap,10511677440.0,105.6500015258789,1.848,0.0174917176839541,0.7347873389929189,0.1125683659483358,0.5188517288209806,0.1776276322344785,2026-05-15,29.0,110.0,0.0,0.0,1.23,0.0,,0.0,0.0411736716639381,0.0,0.0116422146922422,0.1465313228506348,"{""benchmark"":""SPY"",""history_period"":""4y"",""option_dte_max"":45,""option_dte_min"":25,""option_target_dte"":35,""target_otm_pct"":0.05}",2026-04-16,
RDVY,ETF,totalAssets,19852767232.0,73.47000122070312,0.7010000000000001,0.0095413092194486,1.0035812178768189,0.1500863032644294,0.7021895637470421,0.191092671796605,2026-04-17,1.0,72.0,0.0,0.0,0.7,0.0,2.0,0.0,-0.0200081828811633,0.0,0.0095276982219886,3.4776098510258713,"{""benchmark"":""SPY"",""history_period"":""4y"",""option_dte_max"":45,""option_dte_min"":25,""option_target_dte"":35,""target_otm_pct"":0.05}",2026-04-16,
VOOG,ETF,marketCap,7676354560.0,455.5700073242187,2.21,0.0048510656199261,1.2348336169433984,0.1711869820033295,1.0165728340013538,0.2217515010323463,2026-05-15,29.0,460.0,0.0,0.0,7.6,0.0,4.0,0.0,0.009724065685976,0.0,0.0166823976069856,0.2099681078120612,"{""benchmark"":""SPY"",""history_period"":""4y"",""option_dte_max"":45,""option_dte_min"":25,""option_target_dte"":35,""target_otm_pct"":0.05}",2026-04-16,
IEUR,ETF,totalAssets,8329769472.0,75.11000061035156,2.11,0.0280921313121278,0.7449147874835534,0.1429095522173468,0.5583351259663003,0.1424696774426899,2026-05-15,29.0,74.0,0.0,0.0,1.9,0.0,,0.0,-0.0147783331291649,0.0,0.0252962319872241,0.3183836094943728,"{""benchmark"":""SPY"",""history_period"":""4y"",""option_dte_max"":45,""option_dte_min"":25,""option_target_dte"":35,""target_otm_pct"":0.05}",2026-04-16,
IWV,ETF,marketCap,21889333248.0,398.3500061035156,3.656,0.0091778585263783,1.0087802005192723,0.1345520577967045,0.7523027853853019,0.1927660059339632,2026-05-15,29.0,415.0,0.0,0.0,0.85,0.0,3.0,8.0,0.0417973983717165,0.0,0.0021338019002794,0.026856472193172,"{""benchmark"":""SPY"",""history_period"":""4y"",""option_dte_max"":45,""option_dte_min"":25,""option_target_dte"":35,""target_otm_pct"":0.05}",2026-04-16,
SCHA,ETF,totalAssets,19801763840.0,31.420000076293945,0.3399999999999999,0.0108211330100067,1.183808352656759,0.1871123501365724,0.5772151498787872,0.2728735120696962,2026-05-15,29.0,32.0,0.0,0.0,0.49,0.0,25.0,0.0,0.018459577412403,0.0,0.0155951622791274,0.1962839390303968,"{""benchmark"":""SPY"",""history_period"":""4y"",""option_dte_max"":45,""option_dte_min"":25,""option_target_dte"":35,""target_otm_pct"":0.05}",2026-04-16,
EWU,ETF,marketCap,3240839936.0,47.79999923706055,1.64,0.0343096239785808,0.5947563683236936,0.1343945470438568,0.6275070825650706,0.1263490414203383,2026-05-15,29.0,50.0,0.0,0.0,0.25,0.0,1.0,0.0,0.0460251212981974,0.0,0.0052301256064909,0.0658274429782486,"{""benchmark"":""SPY"",""history_period"":""4y"",""option_dte_max"":45,""option_dte_min"":25,""option_target_dte"":35,""target_otm_pct"":0.05}",2026-04-16,
VXF,ETF,marketCap,37835694080.0,221.02999877929688,2.4219999999999997,0.0109577885960105,1.1980848974362386,0.1808863277790068,0.6555116130442058,0.2691769740689432,2026-05-15,29.0,225.0,0.0,0.0,2.0,0.0,,0.0,0.0179613683329349,0.0,0.0090485454962927,0.1138868657292019,"{""benchmark"":""SPY"",""history_period"":""4y"",""option_dte_max"":45,""option_dte_min"":25,""option_target_dte"":35,""target_otm_pct"":0.05}",2026-04-16,
EWG,ETF,marketCap,3367620096.0,42.36000061035156,0.679,0.0160292726680006,0.8286184729241032,0.1651246844155732,0.5820470663995829,0.1580557384700401,2026-05-15,29.0,44.0,0.0,0.0,0.32,0.0,10.0,0.0,0.0387157546274365,0.0,0.0075542963972904,0.0950799374141729,"{""benchmark"":""SPY"",""history_period"":""4y"",""option_dte_max"":45,""option_dte_min"":25,""option_target_dte"":35,""target_otm_pct"":0.05}",2026-04-16,
AIQ,ETF,totalAssets,7221136896.0,52.720001220703125,0.094,0.0017830045110675,1.493561988631115,0.221984585079444,1.2044078644359772,0.2635024642798287,2026-05-15,29.0,55.0,0.0,0.0,0.57,0.0,10.0,5.0,0.0432473203054768,0.0,0.010811835864984,0.1360800031282472,"{""benchmark"":""SPY"",""history_period"":""4y"",""option_dte_max"":45,""option_dte_min"":25,""option_target_dte"":35,""target_otm_pct"":0.05}",2026-04-16,
COWZ,ETF,totalAssets,18168051712.0,62.22999954223633,1.29,0.0207295518156714,0.6535169612137379,0.1259003359863367,0.3813195593317529,0.2199561283938682,2026-05-15,29.0,65.0,,0.0,0.25,0.0,,0.0,0.0445123007896479,,0.0040173550030371,0.0505632612451222,"{""benchmark"":""SPY"",""history_period"":""4y"",""option_dte_max"":45,""option_dte_min"":25,""option_target_dte"":35,""target_otm_pct"":0.05}",2026-04-16,
ESGU,ETF,totalAssets,14820304896.0,152.02999877929688,1.513,0.0099519832411262,1.0233913054715378,0.1363302038589477,0.7465185980365108,0.1932449911299339,2026-04-17,1.0,153.0,0.0,1.45,3.7,2.0,,2.0,0.0063803277543355,0.3918918918918919,0.0243373020437322,8.883115245962287,"{""benchmark"":""SPY"",""history_period"":""4y"",""option_dte_max"":45,""option_dte_min"":25,""option_target_dte"":35,""target_otm_pct"":0.05}",2026-04-16,
AVDE,ETF,totalAssets,14400534528.0,90.27999877929688,2.2880000000000003,0.0253433765057237,0.7196044225126249,0.1377943886675595,0.7213448018083373,0.1346463207322701,2026-05-15,29.0,89.0,0.0,3.6,2.76,1.0,,3.0,-0.0141780992091729,1.3043478260869568,0.0305715555750863,0.3847799236174657,"{""benchmark"":""SPY"",""history_period"":""4y"",""option_dte_max"":45,""option_dte_min"":25,""option_target_dte"":35,""target_otm_pct"":0.05}",2026-04-16,
SPYD,ETF,totalAssets,7048502272.0,45.7400016784668,1.988,0.043463050438319,0.4765295765900295,0.124187898854897,0.3707083153713519,0.1612985847649403,2026-05-15,29.0,48.0,0.0,0.0,0.09,0.0,4.0,0.0,0.049409668530842,0.0,0.0019676431284953,0.0247651635138205,"{""benchmark"":""SPY"",""history_period"":""4y"",""option_dte_max"":45,""option_dte_min"":25,""option_target_dte"":35,""target_otm_pct"":0.05}",2026-04-16,
VFH,ETF,totalAssets,13349177344.0,128.1300048828125,1.945,0.0151798948402358,0.8939880699364401,0.1582992322384074,0.7366610867688586,0.172973520438189,2026-05-15,29.0,135.0,0.0,0.0,0.3,0.0,1.0,6.0,0.0536173796564729,0.0,0.0023413719547921,0.0294689918447979,"{""benchmark"":""SPY"",""history_period"":""4y"",""option_dte_max"":45,""option_dte_min"":25,""option_target_dte"":35,""target_otm_pct"":0.05}",2026-04-16,
DGRW,ETF,totalAssets,15370074112.0,92.5999984741211,1.258,0.0135853133988071,0.7899268796587295,0.1113441762749655,0.5546553005252819,0.1621500924685345,2026-05-15,29.0,94.0,0.35,4.4,2.375,1.0,,4.0,0.0151188072240644,1.705263157894737,0.0256479485867782,0.3228103873853122,"{""benchmark"":""SPY"",""history_period"":""4y"",""option_dte_max"":45,""option_dte_min"":25,""option_target_dte"":35,""target_otm_pct"":0.05}",2026-04-16,
CIBR,ETF,totalAssets,9485453312.0,64.5199966430664,0.408,0.0063236209117789,1.0497226983950052,0.2195595790405398,0.5564004722151239,0.2198806006712231,2026-05-15,29.0,68.0,0.0,0.0,0.73,0.0,12.0,38.0,0.0539368186298188,0.0,0.0113143217294083,0.1424043941804844,"{""benchmark"":""SPY"",""history_period"":""4y"",""option_dte_max"":45,""option_dte_min"":25,""option_target_dte"":35,""target_otm_pct"":0.05}",2026-04-16,
NLR,ETF,totalAssets,4567823872.0,144.94000244140625,3.166,0.0218435210892168,1.4821010760974076,0.4079826449717014,1.816673155725856,0.3047500144874259,2026-05-15,29.0,150.0,0.0,0.0,4.32,0.0,24.0,0.0,0.0349109802218978,0.0,0.0298054362303906,0.3751373870376755,"{""benchmark"":""SPY"",""history_period"":""4y"",""option_dte_max"":45,""option_dte_min"":25,""option_target_dte"":35,""target_otm_pct"":0.05}",2026-04-16,
NOBL,ETF,totalAssets,11058682880.0,107.02999877929688,2.272,0.0212276934122462,0.5331810416013809,0.1235651225618882,0.249529354592302,0.153644807066124,2026-05-15,29.0,113.0,0.0,0.0,0.1,0.0,1.0,0.0,0.0557787656618933,0.0,0.0009343174917361,0.0117595132580589,"{""benchmark"":""SPY"",""history_period"":""4y"",""option_dte_max"":45,""option_dte_min"":25,""option_target_dte"":35,""target_otm_pct"":0.05}",2026-04-16,
FTEC,ETF,totalAssets,15053115392.0,233.80999755859375,0.947,0.0040502972921963,1.462454234172167,0.2134357683296278,1.1362322833064915,0.272991272465186,2026-05-15,29.0,240.0,0.0,0.0,2.05,0.0,1.0,0.0,0.0264744985502811,0.0,0.0087678030084503,0.1103533826925643,"{""benchmark"":""SPY"",""history_period"":""4y"",""option_dte_max"":45,""option_dte_min"":25,""option_target_dte"":35,""target_otm_pct"":0.05}",2026-04-16,
AMLP,ETF,totalAssets,12160558080.0,51.33000183105469,3.97,0.0773426818309238,0.2336798322502453,0.1222772987038381,0.6683932710043055,0.1426668975396288,2026-05-15,29.0,54.0,0.0,0.0,0.12,0.0,4.0,0.0,0.0520163271712561,0.0,0.0023378140603805,0.0294242114496175,"{""benchmark"":""SPY"",""history_period"":""4y"",""option_dte_max"":45,""option_dte_min"":25,""option_target_dte"":35,""target_otm_pct"":0.05}",2026-04-16,
FNDF,ETF,totalAssets,21239955456.0,51.470001220703125,1.555,0.0302117731323177,0.7123176971518647,0.1422646511671398,0.8137116610826161,0.138851808671211,2026-05-15,29.0,52.0,0.0,0.0,0.8,0.0,2.0,0.0,0.010297236579114,0.0,0.0155430344089094,0.1956278468707568,"{""benchmark"":""SPY"",""history_period"":""4y"",""option_dte_max"":45,""option_dte_min"":25,""option_target_dte"":35,""target_otm_pct"":0.05}",2026-04-16,
AAXJ,ETF,totalAssets,3340816384.0,105.51000213623048,1.685,0.0159700499088644,0.977508221403205,0.184670453544656,0.6447525801898837,0.1973655067941501,2026-05-15,29.0,107.0,0.0,0.0,1.85,0.0,,0.0,0.0141218636489619,0.0,0.0175338826892577,0.2206850752268648,"{""benchmark"":""SPY"",""history_period"":""4y"",""option_dte_max"":45,""option_dte_min"":25,""option_target_dte"":35,""target_otm_pct"":0.05}",2026-04-16,
IWS,ETF,marketCap,18424381440.0,153.08999633789062,2.162,0.014122411991102,0.8612561187528259,0.1408709213863195,0.5116356961506943,0.2057332655169722,2026-05-15,29.0,155.0,0.0,0.0,4.01,0.0,,4.0,0.0124763453380307,0.0,0.0261937428697129,0.3296798671532833,"{""benchmark"":""SPY"",""history_period"":""4y"",""option_dte_max"":45,""option_dte_min"":25,""option_target_dte"":35,""target_otm_pct"":0.05}",2026-04-16,
GRID,ETF,totalAssets,7645685760.0,179.97000122070312,1.509,0.0083847307315926,1.0957613085047744,0.1811135008428265,0.9501071115045104,0.2076525073868118,2026-05-15,29.0,185.0,0.0,0.0,1.4,0.0,1.0,0.0,0.0279490956558277,0.0,0.0077790742373954,0.0979090378154944,"{""benchmark"":""SPY"",""history_period"":""4y"",""option_dte_max"":45,""option_dte_min"":25,""option_target_dte"":35,""target_otm_pct"":0.05}",2026-04-16,
VBR,ETF,marketCap,23037081600.0,227.3000030517578,4.138999999999999,0.0182094146257337,0.9566920713475828,0.1625081724102724,0.5336741330368735,0.2419471622826356,2026-05-15,29.0,240.0,0.0,0.0,0.55,0.0,2.0,0.0,0.0558732810282907,0.0,0.0024197096023564,0.0304549656848318,"{""benchmark"":""SPY"",""history_period"":""4y"",""option_dte_max"":45,""option_dte_min"":25,""option_target_dte"":35,""target_otm_pct"":0.05}",2026-04-16,
SCHE,ETF,totalAssets,11183663104.0,35.36000061035156,0.943,0.0266685515758712,0.845151601444824,0.1565054574241733,0.5785751119037223,0.1707479808045594,2026-04-17,1.0,37.0,0.0,0.0,0.05,0.0,1.0,0.0,0.0463800724360941,0.0,0.0014140271249136,0.5161199005934789,"{""benchmark"":""SPY"",""history_period"":""4y"",""option_dte_max"":45,""option_dte_min"":25,""option_target_dte"":35,""target_otm_pct"":0.05}",2026-04-16,
SPTM,ETF,marketCap,8067918848.0,84.97000122070312,0.948,0.0111568787381518,0.9978785873803924,0.1328219474024556,0.7546545337013786,0.1886549871187718,2026-05-15,29.0,85.0,0.0,0.0,0.93,0.0,5.0,0.0,0.0003530514165694,0.0,0.0109450392684401,0.1377565287234703,"{""benchmark"":""SPY"",""history_period"":""4y"",""option_dte_max"":45,""option_dte_min"":25,""option_target_dte"":35,""target_otm_pct"":0.05}",2026-04-16,
AIRR,ETF,totalAssets,8385009664.0,121.25,0.175,0.0014432989690721,1.420089768367721,0.2514086648096864,1.6536807437295078,0.2795008437204528,2026-05-15,29.0,125.0,0.0,0.0,2.25,0.0,1.0,15.0,0.0309278350515462,0.0,0.0185567010309278,0.2335584784927124,"{""benchmark"":""SPY"",""history_period"":""4y"",""option_dte_max"":45,""option_dte_min"":25,""option_target_dte"":35,""target_otm_pct"":0.05}",2026-04-16,
DVY,ETF,marketCap,26583093248.0,151.86000061035156,5.244,0.0345318054716413,0.5483615827483057,0.119608020597579,0.4270301001594105,0.1600021914913941,2026-05-15,29.0,159.0,0.0,0.0,0.1,0.0,17.0,0.0,0.0470169851241377,0.0,0.0006585012485057,0.0082880329553309,"{""benchmark"":""SPY"",""history_period"":""4y"",""option_dte_max"":45,""option_dte_min"":25,""option_target_dte"":35,""target_otm_pct"":0.05}",2026-04-16,
PAVE,ETF,totalAssets,11634412544.0,54.060001373291016,0.438,0.0081021085622169,1.1237598478106674,0.1885872351253155,1.0226167912173234,0.2623498789261763,2026-05-15,29.0,56.0,0.0,0.0,1.2,0.0,1.0,0.0,0.0358860262195157,0.0,0.0221975577047039,0.2793830538695492,"{""benchmark"":""SPY"",""history_period"":""4y"",""option_dte_max"":45,""option_dte_min"":25,""option_target_dte"":35,""target_otm_pct"":0.05}",2026-04-16,
VBK,ETF,marketCap,15888871424.0,328.3699951171875,1.585,0.0048268721977303,1.2887120431390429,0.1984515960873009,0.553135499605294,0.275428221983478,2026-05-15,29.0,340.0,0.0,0.0,3.32,0.0,3.0,0.0,0.0354173799547734,0.0,0.0101105461807348,0.1272534260678696,"{""benchmark"":""SPY"",""history_period"":""4y"",""option_dte_max"":45,""option_dte_min"":25,""option_target_dte"":35,""target_otm_pct"":0.05}",2026-04-16,
VHT,ETF,marketCap,15009588224.0,276.4100036621094,4.6979999999999995,0.0169964904951231,0.6164531245464376,0.1571191381217357,0.1772776927891668,0.1691071663362152,2026-05-15,29.0,290.0,0.0,0.0,0.9,0.0,1.0,0.0,0.0491660799458741,0.0,0.0032560326619009,0.0409811007446158,"{""benchmark"":""SPY"",""history_period"":""4y"",""option_dte_max"":45,""option_dte_min"":25,""option_target_dte"":35,""target_otm_pct"":0.05}",2026-04-16,
DFAI,ETF,totalAssets,14552685568.0,41.33000183105469,0.938,0.0226953776540895,0.7179743562494814,0.1342808891335947,0.6466157208890353,0.1325294770345131,,,,,,,,,,,,,,"{""benchmark"":""SPY"",""history_period"":""4y"",""option_dte_max"":45,""option_dte_min"":25,""option_target_dte"":35,""target_otm_pct"":0.05}",2026-04-16,
XAR,ETF,totalAssets,5780005888.0,275.4700012207031,0.879,0.0031909100668125,1.2121657037387634,0.2537645486603043,1.3947119811725457,0.19727991342742,2026-05-15,29.0,290.0,0.0,0.0,4.5,0.0,2.0,0.0,0.0527462108937792,0.0,0.0163357170655931,0.2056047147910859,"{""benchmark"":""SPY"",""history_period"":""4y"",""option_dte_max"":45,""option_dte_min"":25,""option_target_dte"":35,""target_otm_pct"":0.05}",2026-04-16,
VOE,ETF,totalAssets,34672295936.0,189.67999267578125,3.667,0.0193325608477219,0.6870702179271038,0.1240985087629062,0.5070584025581106,0.1844962349836659,2026-05-15,29.0,190.0,0.0,0.0,3.56,0.0,,0.0,0.0016870905555428,0.0,0.0187684528546196,0.2362236307564196,"{""benchmark"":""SPY"",""history_period"":""4y"",""option_dte_max"":45,""option_dte_min"":25,""option_target_dte"":35,""target_otm_pct"":0.05}",2026-04-16,
VOT,ETF,totalAssets,29246242816.0,278.0199890136719,1.849,0.0066506009390176,1.120714384176389,0.165470781093719,0.4745715703840301,0.2177400411003442,2026-05-15,29.0,290.0,0.0,0.0,2.21,0.0,1.0,0.0,0.0430904663683695,0.0,0.0079490687264624,0.1000486236261647,"{""benchmark"":""SPY"",""history_period"":""4y"",""option_dte_max"":45,""option_dte_min"":25,""option_target_dte"":35,""target_otm_pct"":0.05}",2026-04-16,
SDVY,ETF,totalAssets,10101459968.0,41.45000076293945,0.442,0.0106634497434121,0.9413546675812804,0.1634228195574944,0.6460648297708942,0.2611321571630025,2026-04-17,1.0,42.0,0.0,0.0,0.08,0.0,,6.0,0.0132689801432357,0.0,0.0019300361526537,0.7044631957186305,"{""benchmark"":""SPY"",""history_period"":""4y"",""option_dte_max"":45,""option_dte_min"":25,""option_target_dte"":35,""target_otm_pct"":0.05}",2026-04-16,
IGF,ETF,totalAssets,10102028288.0,67.5199966430664,1.979,0.0293098355804379,0.3396383219038162,0.1012890435553945,0.5279805785482117,0.1499562911476696,2026-05-15,29.0,68.0,0.0,0.0,1.0,0.0,1.0,0.0,0.0071090548104002,0.0,0.0148104272766235,0.1864071019299168,"{""benchmark"":""SPY"",""history_period"":""4y"",""option_dte_max"":45,""option_dte_min"":25,""option_target_dte"":35,""target_otm_pct"":0.05}",2026-04-16,
FDVV,ETF,totalAssets,8527058944.0,58.18000030517578,1.657,0.0284805773686562,0.714052524644231,0.1064921549739853,0.6634836072859998,0.1590181563680042,2026-05-15,29.0,61.0,0.0,0.0,0.3,0.0,1.0,0.0,0.0484702591961545,0.0,0.0051564111108007,0.0648996570842164,"{""benchmark"":""SPY"",""history_period"":""4y"",""option_dte_max"":45,""option_dte_min"":25,""option_target_dte"":35,""target_otm_pct"":0.05}",2026-04-16,
EUFN,ETF,totalAssets,3419066624.0,38.40999984741211,1.3250000000000002,0.0344962250784615,0.885343831097159,0.1853805248540932,1.3105925084255343,0.1594841872881223,2026-05-15,29.0,39.0,0.0,0.0,0.6,0.0,,0.0,0.0153605872150932,0.0,0.0156209321110014,0.1966082834660525,"{""benchmark"":""SPY"",""history_period"":""4y"",""option_dte_max"":45,""option_dte_min"":25,""option_target_dte"":35,""target_otm_pct"":0.05}",2026-04-16,
FNDE,ETF,totalAssets,8714043392.0,40.33000183105469,1.51,0.0374411091357124,0.7441589326739665,0.1450766952698596,0.75000202771296,0.1840335909837906,2026-05-15,29.0,41.0,0.0,2.5,0.4,3.0,2.0,9.0,0.0166128970623899,6.25,0.0099181746054867,0.1248321976207812,"{""benchmark"":""SPY"",""history_period"":""4y"",""option_dte_max"":45,""option_dte_min"":25,""option_target_dte"":35,""target_otm_pct"":0.05}",2026-04-16,
BBEU,ETF,totalAssets,8542874624.0,77.19000244140625,2.1689999999999996,0.0280994938644606,0.7454820152825931,0.1444567347624882,0.5786182451604005,0.1422610934479296,2026-06-18,63.0,80.0,0.0,2.55,1.4,1.0,,1.0,0.0364036464531372,1.8214285714285712,0.0181370638129299,0.1050798141542763,"{""benchmark"":""SPY"",""history_period"":""4y"",""option_dte_max"":45,""option_dte_min"":25,""option_target_dte"":35,""target_otm_pct"":0.05}",2026-04-16,
SCHK,ETF,totalAssets,4738479616.0,33.709999084472656,0.366,0.0108573126650894,1.0128649428205565,0.1348356973966228,0.7730426855529069,0.1920467893704984,2026-05-15,29.0,34.0,0.0,0.0,1.0,0.0,1.0,1.0,0.0086028158826299,0.0,0.0296647887024302,0.3733671681512778,"{""benchmark"":""SPY"",""history_period"":""4y"",""option_dte_max"":45,""option_dte_min"":25,""option_target_dte"":35,""target_otm_pct"":0.05}",2026-04-16,
QTUM,ETF,totalAssets,3254889216.0,123.38999938964844,1.174,0.0095145474171911,1.5744050333797432,0.2538086919264999,1.7802516378464146,0.2538710319327923,2026-05-15,29.0,130.0,0.0,0.0,1.55,0.0,16.0,0.0,0.0535699865714247,0.0,0.0125617959937362,0.1581053633694386,"{""benchmark"":""SPY"",""history_period"":""4y"",""option_dte_max"":45,""option_dte_min"":25,""option_target_dte"":35,""target_otm_pct"":0.05}",2026-04-16,
FDL,ETF,totalAssets,7349985280.0,49.279998779296875,1.833,0.0371956178044806,0.3388509313474084,0.1185542939281256,0.5676777090724416,0.1224533876834691,2026-06-18,63.0,50.0,0.0,0.0,2.35,0.0,1.0,0.0,0.0146104147430621,0.0,0.0476866894929239,0.2762800264272576,"{""benchmark"":""SPY"",""history_period"":""4y"",""option_dte_max"":45,""option_dte_min"":25,""option_target_dte"":35,""target_otm_pct"":0.05}",2026-04-16,
JQUA,ETF,totalAssets,6841904128.0,64.51000213623047,0.77,0.0119361335374619,0.8671548449339797,0.1237803123674729,0.6211203649213033,0.1681012165554377,2026-05-15,29.0,65.0,0.0,0.0,3.1,0.0,1.0,10.0,0.007595688227304,0.0,0.0480545635923791,0.6048246796971855,"{""benchmark"":""SPY"",""history_period"":""4y"",""option_dte_max"":45,""option_dte_min"":25,""option_target_dte"":35,""target_otm_pct"":0.05}",2026-04-16,
CALF,ETF,totalAssets,3246599936.0,46.47999954223633,0.64,0.0137693633025627,0.8889504997498902,0.1679136688219256,0.2698220460174572,0.3422114106992542,2026-05-15,29.0,48.0,0.0,0.0,0.32,0.0,2.0,0.0,0.0327022476922025,0.0,0.0068846816512813,0.0866520276799204,"{""benchmark"":""SPY"",""history_period"":""4y"",""option_dte_max"":45,""option_dte_min"":25,""option_target_dte"":35,""target_otm_pct"":0.05}",2026-04-16,
VSS,ETF,totalAssets,12765584384.0,156.74000549316406,4.8580000000000005,0.0309940017209701,0.7127048260046233,0.1378248730377887,0.576547789691882,0.1572885910154374,2026-05-15,29.0,160.0,0.0,0.0,2.5,0.0,,1.0,0.0207987392662054,0.0,0.0159499803010344,0.200749752064744,"{""benchmark"":""SPY"",""history_period"":""4y"",""option_dte_max"":45,""option_dte_min"":25,""option_target_dte"":35,""target_otm_pct"":0.05}",2026-04-16,
IDV,ETF,totalAssets,7944900096.0,44.029998779296875,1.962,0.0445605281488797,0.4860985476227565,0.1230258803426628,0.8792389295622427,0.1186171588727845,2026-05-15,29.0,45.0,0.0,0.0,0.45,0.0,,0.0,0.0220304621302698,0.0,0.0102203046213026,0.1286348685094994,"{""benchmark"":""SPY"",""history_period"":""4y"",""option_dte_max"":45,""option_dte_min"":25,""option_target_dte"":35,""target_otm_pct"":0.05}",2026-04-16,
VPU,ETF,marketCap,5324139520.0,199.25,5.093,0.0255608531994981,0.3216420268569472,0.1389064626717868,0.4408050648006814,0.1860781990456085,2026-05-15,29.0,210.0,0.0,0.0,1.9,0.0,1.0,0.0,0.0539523212045169,0.0,0.0095357590966122,0.1200190369056375,"{""benchmark"":""SPY"",""history_period"":""4y"",""option_dte_max"":45,""option_dte_min"":25,""option_target_dte"":35,""target_otm_pct"":0.05}",2026-04-16,
ESGE,ETF,totalAssets,5877251584.0,49.880001068115234,1.105,0.0221531671278641,0.9757341478024256,0.1843650173121974,0.7057415389428017,0.1671058944756025,2026-04-17,1.0,50.0,0.0,0.0,1.61,0.0,2.0,4.0,0.0024057523920437,0.0,0.0322774652270238,11.781274807863692,"{""benchmark"":""SPY"",""history_period"":""4y"",""option_dte_max"":45,""option_dte_min"":25,""option_target_dte"":35,""target_otm_pct"":0.05}",2026-04-16,
FTCS,ETF,totalAssets,7852595200.0,94.12999725341795,1.034,0.0109848085644393,0.5201648742473697,0.1085080534082365,0.3291054736776335,0.1262063024290504,2026-08-21,127.0,80.0,0.0,0.0,16.06,0.0,,0.0,-0.1501115230607838,0.0,0.1706151117455476,0.4903505180088574,"{""benchmark"":""SPY"",""history_period"":""4y"",""option_dte_max"":45,""option_dte_min"":25,""option_target_dte"":35,""target_otm_pct"":0.05}",2026-04-16,
GSLC,ETF,totalAssets,13849076736.0,134.3000030517578,1.328,0.009888309529585,0.9864785090776674,0.1319078991252055,0.712523419184381,0.1866255121047851,2026-04-17,1.0,133.0,0.0,0.0,2.85,0.0,25.0,6.0,-0.0096798437990861,0.0,0.0212211462043052,7.745718364571434,"{""benchmark"":""SPY"",""history_period"":""4y"",""option_dte_max"":45,""option_dte_min"":25,""option_target_dte"":35,""target_otm_pct"":0.05}",2026-04-16,
EFAV,ETF,totalAssets,5341700096.0,93.2699966430664,2.7590000000000003,0.0295807880272407,0.2717970453583225,0.102460121622745,0.4941107087394725,0.092077940823735,2026-05-15,29.0,92.0,0.0,0.0,1.4,0.0,,0.0,-0.0136163470438037,0.0,0.0150101860232464,0.1889213068443089,"{""benchmark"":""SPY"",""history_period"":""4y"",""option_dte_max"":45,""option_dte_min"":25,""option_target_dte"":35,""target_otm_pct"":0.05}",2026-04-16,
IJS,ETF,marketCap,5139337216.0,124.58999633789062,1.6880000000000002,0.0135484392777579,1.0879842511977404,0.1944144102021281,0.4038454264424218,0.2864601099071717,2026-05-15,29.0,130.0,0.0,1.35,3.0,1.0,1.0,44.0,0.0434224562254366,0.45,0.0240789797590485,0.3030630211052661,"{""benchmark"":""SPY"",""history_period"":""4y"",""option_dte_max"":45,""option_dte_min"":25,""option_target_dte"":35,""target_otm_pct"":0.05}",2026-04-16,
SCHM,ETF,totalAssets,12908116992.0,33.0,0.436,0.0132121212121212,1.0466582440312635,0.1641713951802162,0.5344811851266889,0.2327116749875053,2026-05-15,29.0,33.0,0.0,0.0,0.37,0.0,3.0,0.0,0.0,0.0,0.0112121212121212,0.1411180773249738,"{""benchmark"":""SPY"",""history_period"":""4y"",""option_dte_max"":45,""option_dte_min"":25,""option_target_dte"":35,""target_otm_pct"":0.05}",2026-04-16,
MGC,ETF,totalAssets,9361596416.0,255.8699951171875,2.417,0.0094462033303006,1.0269689230921435,0.137293594909214,0.8517943537856016,0.1928113259784339,2026-05-15,29.0,245.0,0.0,0.0,12.38,0.0,1.0,0.0,-0.0424824923774633,0.0,0.0483839458953755,0.6089703535107609,"{""benchmark"":""SPY"",""history_period"":""4y"",""option_dte_max"":45,""option_dte_min"":25,""option_target_dte"":35,""target_otm_pct"":0.05}",2026-04-16,
VOX,ETF,marketCap,3589190400.0,196.2400054931641,1.898,0.0096718301410061,0.9826849294567102,0.1620971718170194,1.0712028339926771,0.2114708914538213,2026-05-15,29.0,189.0,0.0,0.0,9.47,0.0,3.0,0.0,-0.0368936266332109,0.0,0.0482572346866851,0.6073755400220717,"{""benchmark"":""SPY"",""history_period"":""4y"",""option_dte_max"":45,""option_dte_min"":25,""option_target_dte"":35,""target_otm_pct"":0.05}",2026-04-16,
FVD,ETF,marketCap,9084655616.0,47.880001068115234,1.084,0.0226399326611934,0.4171244920277984,0.0998881220801398,0.2686407933028383,0.1197450901920313,2026-05-15,29.0,50.0,0.0,2.25,0.2,20.0,,38.0,0.0442773367709161,11.25,0.0041771093470836,0.052573962471915,"{""benchmark"":""SPY"",""history_period"":""4y"",""option_dte_max"":45,""option_dte_min"":25,""option_target_dte"":35,""target_otm_pct"":0.05}",2026-04-16,
DIVO,ETF,totalAssets,6605265920.0,45.7400016784668,2.912,0.0636641865575377,0.5966008527153955,0.0971075441636984,0.4967353030593064,0.12122610709188,2026-05-15,29.0,47.41,0.0,0.0,0.35,0.0,1.0,35.0,0.0365106746884837,0.0,0.007651945499704,0.0963089692204131,"{""benchmark"":""SPY"",""history_period"":""4y"",""option_dte_max"":45,""option_dte_min"":25,""option_target_dte"":35,""target_otm_pct"":0.05}",2026-04-16,
MGV,ETF,totalAssets,11410315264.0,149.19000244140625,2.9930000000000003,0.0200616660032262,0.6298756040137631,0.1073992553216759,0.5601830287508327,0.1317992092825221,2026-05-15,29.0,153.0,0.0,0.0,0.65,0.0,,0.0,0.0255378879029786,0.0,0.0043568603080845,0.0548363452569262,"{""benchmark"":""SPY"",""history_period"":""4y"",""option_dte_max"":45,""option_dte_min"":25,""option_target_dte"":35,""target_otm_pct"":0.05}",2026-04-16,
VDC,ETF,totalAssets,9237031936.0,222.97999572753903,4.821,0.0216207735777823,0.1626912640022065,0.1239697637748852,0.2271372764389447,0.1177837184918032,2026-05-15,29.0,235.0,0.0,0.0,0.45,0.0,1.0,0.0,0.0539062001200694,0.0,0.002018118255549,0.0254004539060486,"{""benchmark"":""SPY"",""history_period"":""4y"",""option_dte_max"":45,""option_dte_min"":25,""option_target_dte"":35,""target_otm_pct"":0.05}",2026-04-16,
DFAU,ETF,totalAssets,10227386368.0,48.38999938964844,0.4649999999999999,0.0096094235557992,1.006009695922155,0.1343598334418507,0.7429147597533046,0.193631231844133,2026-05-15,29.0,44.0,2.2,7.2,4.7,0.0,1.0,0.0,-0.0907212119243701,1.0638297872340423,0.0971275069080786,1.2224668972913348,"{""benchmark"":""SPY"",""history_period"":""4y"",""option_dte_max"":45,""option_dte_min"":25,""option_target_dte"":35,""target_otm_pct"":0.05}",2026-04-16,
VIGI,ETF,totalAssets,8755101696.0,92.58000183105467,2.002,0.0216245405098756,0.6645218600566092,0.1289862869755684,0.3293951705449582,0.1450045922745945,2026-05-15,29.0,95.0,0.0,0.0,5.25,0.0,6.0,0.0,0.0261395346844068,0.0,0.0567077111272961,0.7137349848780381,"{""benchmark"":""SPY"",""history_period"":""4y"",""option_dte_max"":45,""option_dte_min"":25,""option_target_dte"":35,""target_otm_pct"":0.05}",2026-04-16,
IJK,ETF,marketCap,3636166912.0,107.41999816894533,0.623,0.0057996649657373,1.1304139683643644,0.1772170749176388,0.5428988156291368,0.2563240520799092,2026-05-15,29.0,108.0,0.0,0.0,0.9,0.0,3.0,0.0,0.0053993841085575,0.0,0.0083783282009046,0.1054513721837998,"{""benchmark"":""SPY"",""history_period"":""4y"",""option_dte_max"":45,""option_dte_min"":25,""option_target_dte"":35,""target_otm_pct"":0.05}",2026-04-16,
AVUS,ETF,totalAssets,10907694080.0,118.70999908447266,1.158,0.0097548648717955,0.9984413134494792,0.1359265933053335,0.7393818668972791,0.1974144533540612,2026-06-18,63.0,120.0,0.0,3.0,2.0,6.0,6.0,7.0,0.0108668260927993,1.5,0.0168477804348799,0.0976101564877967,"{""benchmark"":""SPY"",""history_period"":""4y"",""option_dte_max"":45,""option_dte_min"":25,""option_target_dte"":35,""target_otm_pct"":0.05}",2026-04-16,
EEMV,ETF,marketCap,6564232704.0,69.16999816894531,1.696,0.0245193009237556,0.5688330334927276,0.1168891945743539,0.3734336834336289,0.1247280536567684,2026-06-18,63.0,71.0,0.0,0.95,1.05,1.0,,5.0,0.0264565834826968,0.9047619047619048,0.015179991727561,0.0879475711199963,"{""benchmark"":""SPY"",""history_period"":""4y"",""option_dte_max"":45,""option_dte_min"":25,""option_target_dte"":35,""target_otm_pct"":0.05}",2026-04-16,
ESGD,ETF,totalAssets,10694304768.0,102.02999877929688,3.426,0.0335783597078232,0.7991657845014494,0.1464489333786931,0.5556288394815638,0.1386103317490118,,,,,,,,,,,,,,"{""benchmark"":""SPY"",""history_period"":""4y"",""option_dte_max"":45,""option_dte_min"":25,""option_target_dte"":35,""target_otm_pct"":0.05}",2026-04-16,
BBUS,ETF,totalAssets,6975206912.0,126.18000030517578,1.335,0.0105801236073165,0.9999741753449718,0.1329547578999655,0.7823074144369502,0.1900761008900691,,,,,,,,,,,,,,"{""benchmark"":""SPY"",""history_period"":""4y"",""option_dte_max"":45,""option_dte_min"":25,""option_target_dte"":35,""target_otm_pct"":0.05}",2026-04-16,
DFAE,ETF,totalAssets,7700410368.0,36.97999954223633,0.7130000000000001,0.0192806925047593,0.9159089159213992,0.1732479706063777,0.7108143733266366,0.1811970782104982,,,,,,,,,,,,,,"{""benchmark"":""SPY"",""history_period"":""4y"",""option_dte_max"":45,""option_dte_min"":25,""option_target_dte"":35,""target_otm_pct"":0.05}",2026-04-16,
